state,year,price,pop,pop16,CPI,NDI,c,pimin,name
1,63,28.6,3383.0,2236.5,30.6,1558.3046,93.9,26.1,AL
1,64,29.8,3431.0,2276.7,31.0,1684.0732,95.4,27.5,AL
1,65,29.8,3486.0,2327.5,31.5,1809.8419,98.5,28.9,AL
1,66,31.5,3524.0,2369.7,32.4,1915.1604,96.4,29.5,AL
1,67,31.6,3533.0,2393.7,33.4,2023.5464,95.5,29.6,AL
1,68,35.6,3522.0,2405.2,34.8,2202.4856,88.4,32.0,AL
1,69,36.6,3531.0,2411.9,36.7,2377.3347,90.1,32.8,AL
1,70,39.6,3444.0,2394.6,38.8,2591.039,89.8,34.3,AL
1,71,42.7,3481.0,2443.5,40.5,2785.316,95.4,35.8,AL
1,72,42.3,3511.0,2484.7,41.8,3034.8083,101.1,37.4,AL
1,73,42.1,3540.0,2526.0,44.4,3387.574,102.9,37.3,AL
1,74,43.1,3574.0,2573.9,49.3,3718.8672,108.2,41.4,AL
1,75,46.6,3614.0,2623.7,53.8,4087.9932,111.7,43.0,AL
1,76,50.4,3657.0,2677.4,56.9,4486.772,116.2,46.4,AL
1,77,50.1,3690.0,2719.6,60.6,4899.8657,117.1,48.8,AL
1,78,55.1,3728.0,2764.6,65.2,5450.9985,123.0,53.6,AL
1,79,56.8,3769.0,2810.7,72.6,5957.1406,121.4,56.5,AL
1,80,60.6,3894.0,2898.9,82.4,6466.35,123.2,59.3,AL
1,81,68.8,3917.0,2924.7,90.9,7042.023,119.6,62.6,AL
1,82,73.1,3943.0,2953.5,96.5,7505.22,119.1,67.8,AL
1,83,84.4,3959.0,2977.5,99.6,7974.552,116.3,78.6,AL
1,84,90.8,3990.0,3009.1,103.9,8693.376,113.0,86.8,AL
1,85,99.0,4020.0,3039.8,107.6,9059.435,114.5,90.7,AL
1,86,103.0,4050.0,3072.4,109.6,9674.985,116.3,98.8,AL
1,87,110.0,4083.0,3104.0,113.6,10213.848,114.0,103.5,AL
1,88,114.4,4102.0,3124.0,118.3,10993.0,112.1,109.2,AL
1,89,122.3,4118.0,3140.0,124.0,11634.0,105.6,121.5,AL
1,90,139.1,4129.2,3148.6,130.7,12806.0,108.6,132.3,AL
1,91,144.4,4178.3,3185.1,136.2,13360.0,107.9,137.4,AL
1,92,172.2,4226.3,3226.7,140.3,14533.0,109.1,159.5,AL
3,63,23.9,1517.0,982.4,30.6,1944.7451,125.0,24.9,AZ
3,64,24.0,1549.0,1005.6,31.0,2063.516,121.0,25.5,AZ
3,65,24.2,1575.0,1024.9,31.5,2162.6638,123.2,25.3,AZ
3,66,29.6,1609.0,1051.9,32.4,2318.6152,113.9,25.5,AZ
3,67,29.2,1637.0,1078.9,33.4,2446.6814,117.1,26.0,AZ
3,68,31.3,1667.0,1106.0,34.8,2720.3708,115.6,32.3,AZ
3,69,36.1,1693.0,1117.5,36.7,2979.6013,113.8,33.3,AZ
3,70,37.1,1772.0,1226.6,38.8,3269.8157,115.2,34.6,AZ
3,71,38.5,1878.0,1313.5,40.5,3549.702,109.6,36.6,AZ
3,72,38.0,1975.0,1393.6,41.8,3800.6702,125.0,37.2,AZ
3,73,38.7,2075.0,1476.5,44.4,4219.9834,128.3,36.5,AZ
3,74,39.2,2156.0,1547.0,49.3,4508.132,133.1,37.8,AZ
3,75,47.7,2200.0,1591.4,53.8,4742.575,121.8,40.5,AZ
3,76,49.1,2244.0,1635.8,56.9,5158.79,122.3,43.4,AZ
3,77,48.7,2304.0,1690.8,60.6,5567.7754,121.7,44.7,AZ
3,78,53.6,2373.0,1750.6,65.2,6283.499,124.7,49.5,AZ
3,79,58.6,2450.0,1812.4,72.6,7099.404,124.6,53.7,AZ
3,80,60.8,2718.0,2044.0,82.4,7823.39,126.8,57.2,AZ
3,81,63.3,2794.0,2103.8,90.9,8647.558,113.8,62.7,AZ
3,82,73.3,2860.0,2153.1,96.5,8879.936,113.5,68.1,AZ
3,83,80.5,2963.0,2231.2,99.6,9579.135,111.1,79.6,AZ
3,84,92.8,3053.0,2300.7,103.9,10549.958,107.1,90.2,AZ
3,85,98.8,3161.0,2384.7,107.6,11256.387,107.1,97.5,AZ
3,86,106.7,3279.0,2483.1,109.6,11796.536,107.9,101.2,AZ
3,87,113.5,3386.0,2569.0,113.6,12367.67,106.1,103.9,AZ
3,88,113.5,3489.0,2638.0,118.3,13008.0,102.2,113.7,AZ
3,89,125.6,3556.0,2672.0,124.0,13625.0,96.8,126.4,AZ
3,90,130.2,3598.2,2703.7,130.7,13826.0,88.9,133.6,AZ
3,91,151.4,3681.7,2759.1,136.2,14232.0,81.2,146.9,AZ
3,92,165.7,3762.2,2804.8,140.3,15179.0,79.0,165.4,AZ
4,63,27.0,1907.0,1296.7,30.6,1480.3335,103.4,25.8,AR
4,64,27.3,1939.0,1320.7,31.0,1610.0797,102.6,25.7,AR
4,65,27.2,1941.0,1323.6,31.5,1710.199,100.3,26.1,AR
4,66,30.3,1963.0,1344.8,32.4,1883.875,98.9,26.2,AR
4,67,30.4,1972.0,1357.3,33.4,2004.4268,102.9,27.5,AR
4,68,30.9,1983.0,1374.6,34.8,2143.3677,104.0,29.2,AR
4,69,30.9,1995.0,1389.0,36.7,2286.395,102.9,29.9,AR
4,70,36.7,1923.0,1366.9,38.8,2493.7847,100.3,34.3,AR
4,71,38.8,1961.0,1405.4,40.5,2710.3691,104.1,36.8,AR
4,72,44.1,1999.0,1442.9,41.8,2950.4507,103.9,37.4,AR
4,73,45.1,2030.0,1474.6,44.4,3410.1816,108.0,37.3,AR
4,74,45.5,2063.0,1508.3,49.3,3807.5935,109.7,38.0,AR
4,75,48.6,2112.0,1552.5,53.8,4057.8914,114.8,43.0,AR
4,76,50.9,2113.0,1565.1,56.9,4362.3354,119.1,44.7,AR
4,77,52.6,2143.0,1596.8,60.6,4859.866,122.6,45.9,AR
4,78,56.5,2167.0,1623.7,65.2,5467.733,127.3,49.9,AR
4,79,58.4,2180.0,1641.0,72.6,6015.323,126.5,52.2,AR
4,80,61.5,2286.0,1715.1,82.4,6278.9023,131.8,57.3,AR
4,81,64.7,2296.0,1725.7,90.9,7101.31,128.7,59.9,AR
4,82,72.1,2291.0,1724.7,96.5,7390.4297,127.4,64.7,AR
4,83,82.0,2328.0,1757.4,99.6,7886.939,128.0,74.8,AR
4,84,93.6,2349.0,1776.7,103.9,8546.908,123.1,84.8,AR
4,85,98.5,2359.0,1790.1,107.6,9134.342,125.8,92.5,AR
4,86,103.6,2371.0,1804.6,109.6,9550.144,126.0,98.8,AR
4,87,113.0,2388.0,1819.0,113.6,9886.258,122.3,103.5,AR
4,88,119.9,2395.0,1823.0,118.3,10630.0,121.5,112.1,AR
4,89,127.7,2406.0,1831.0,124.0,11243.0,118.3,118.9,AR
4,90,141.2,2411.1,1834.9,130.7,12370.0,113.1,129.1,AR
4,91,146.5,2432.7,1851.2,136.2,12917.0,116.8,132.5,AR
4,92,177.3,2460.4,1876.7,140.3,13879.0,126.0,153.1,AR
5,63,25.3,17556.0,12072.0,30.6,2776.0967,142.0,23.9,CA
5,64,25.5,18003.0,12384.3,31.0,2974.9294,138.3,24.0,CA
5,65,25.3,18403.0,12673.3,31.5,3107.845,140.0,24.2,CA
5,66,25.5,18669.0,12898.5,32.4,3296.9524,136.8,29.6,CA
5,67,26.0,18992.0,13181.8,33.4,3462.2861,135.8,29.2,CA
5,68,35.4,19179.0,13370.3,34.8,3690.2957,124.3,31.3,CA
5,69,36.6,19443.0,13681.6,36.7,3919.3857,123.9,33.3,CA
5,70,38.8,19953.0,14317.6,38.8,4192.7812,123.0,37.1,CA
5,71,39.7,20266.0,14670.5,40.5,4414.307,121.0,38.5,CA
5,72,39.9,20447.0,14938.3,41.8,4650.9614,123.5,38.0,CA
5,73,39.9,20670.0,15243.7,44.4,5103.7383,124.4,38.7,CA
5,74,41.9,20915.0,15566.6,49.3,5607.304,126.7,39.2,CA
5,75,45.0,21216.0,15933.0,53.8,6138.9663,127.1,44.5,CA
5,76,48.3,21550.0,16318.7,56.9,6630.6455,128.0,44.9,CA
5,77,49.0,21900.0,16697.6,60.6,7234.7085,126.4,48.7,CA
5,78,58.7,22314.0,17117.2,65.2,8021.3955,126.1,53.6,CA
5,79,60.1,22694.0,17481.6,72.6,8957.207,121.9,57.1,CA
5,80,62.1,23669.0,20853.4,82.4,9891.9375,120.2,60.8,CA
5,81,66.4,24196.0,18670.6,90.9,10816.943,118.6,63.3,CA
5,82,72.8,24724.0,19064.1,96.5,11361.572,115.4,71.6,CA
5,83,84.9,25174.0,19419.8,99.6,12027.23,110.8,80.5,CA
5,84,94.9,25622.0,19776.5,103.9,13019.233,104.8,92.8,CA
5,85,98.0,26358.0,20215.4,107.6,13755.132,102.8,98.8,CA
5,86,104.4,27001.0,20695.9,109.6,14350.55,99.7,106.6,CA
5,87,103.9,27663.0,21156.0,113.6,15016.208,97.5,113.5,CA
5,88,117.4,28314.0,21591.0,118.3,16059.0,90.1,113.5,CA
5,89,126.4,29063.0,22081.0,124.0,16779.0,82.4,125.6,CA
5,90,163.8,29602.1,22490.6,130.7,17384.0,77.8,130.2,CA
5,91,186.8,30218.8,22694.0,136.2,17705.0,68.7,151.4,CA
5,92,201.9,30703.3,22920.0,140.3,18495.0,67.5,165.7,CA
7,63,26.8,2716.0,1883.5,30.6,2913.68,156.2,26.2,CT
7,64,27.8,2784.0,1929.7,31.0,3104.1445,143.5,26.9,CT
7,65,28.1,2830.0,1961.5,31.5,3249.668,147.0,26.5,CT
7,66,30.1,2886.0,2004.9,32.4,3493.634,144.5,30.0,CT
7,67,31.1,2918.0,2034.8,33.4,3763.2805,145.6,31.0,CT
7,68,31.3,2961.0,2075.2,34.8,3897.0337,143.2,32.1,CT
7,69,32.2,3000.0,2127.2,36.7,4135.6494,144.7,35.0,CT
7,70,42.2,3032.0,2155.2,38.8,4482.338,120.0,39.3,CT
7,71,45.5,3063.0,2201.4,40.5,4715.6035,117.6,40.2,CT
7,72,51.3,3074.0,2234.2,41.8,4948.869,110.8,41.6,CT
7,73,50.6,3076.0,2258.3,44.4,5496.722,109.3,40.6,CT
7,74,52.5,3085.0,2292.9,49.3,5949.343,112.4,41.3,CT
7,75,54.5,3097.0,2327.6,53.8,6407.314,110.2,44.3,CT
7,76,57.6,3101.0,2356.5,56.9,6838.534,113.4,52.2,CT
7,77,58.4,3107.0,2384.5,60.6,7505.16,117.3,52.3,CT
7,78,61.7,3116.0,2415.3,65.2,8309.819,117.5,56.3,CT
7,79,64.4,3115.0,2435.5,72.6,9295.313,117.4,58.7,CT
7,80,67.0,3108.0,2424.0,82.4,10384.6,118.0,60.0,CT
7,81,80.1,3134.0,2461.5,90.9,11470.676,116.4,64.5,CT
7,82,85.6,3153.0,2487.6,96.5,12380.197,114.7,71.6,CT
7,83,95.6,3138.0,2487.6,99.6,13485.534,114.1,83.1,CT
7,84,113.5,3154.0,2505.9,103.9,14927.929,112.5,94.8,CT
7,85,118.6,3175.0,2525.1,107.6,15685.507,111.0,100.3,CT
7,86,118.5,3193.0,2541.5,109.6,16486.957,108.5,101.8,CT
7,87,122.7,3211.0,2555.0,113.6,17762.428,109.0,113.5,CT
7,88,129.7,3233.0,2568.0,118.3,19559.0,104.8,121.5,CT
7,89,142.0,3239.0,2564.0,124.0,20687.0,100.6,134.8,CT
7,90,171.2,3242.9,2567.1,130.7,21447.0,91.5,150.9,CT
7,91,169.5,3246.9,2555.4,136.2,21967.0,86.7,163.3,CT
7,92,193.5,3237.0,2536.7,140.3,22891.0,83.6,175.9,CT
8,63,26.8,480.0,317.7,30.6,2261.4624,165.8,26.8,DE
8,64,27.1,494.0,326.3,31.0,2325.34,170.9,28.5,DE
8,65,27.2,503.0,332.1,31.5,2529.3674,170.8,27.9,DE
8,66,31.0,514.0,343.6,32.4,2691.4453,161.3,28.2,DE
8,67,30.7,524.0,353.2,33.4,2864.0105,158.2,29.4,DE
8,68,32.0,533.0,359.0,34.8,3061.364,164.8,30.9,DE
8,69,32.2,540.0,362.8,36.7,3287.3196,175.5,30.7,DE
8,70,39.0,584.0,378.2,38.8,3495.1606,155.0,32.6,DE
8,71,41.3,563.0,392.6,40.5,3730.6501,161.1,34.2,DE
8,72,44.7,570.0,403.1,41.8,4015.7166,156.3,34.3,DE
8,73,44.0,573.0,409.9,44.4,4438.0723,154.7,35.3,DE
8,74,44.2,576.0,416.6,49.3,4755.554,151.3,35.8,DE
8,75,45.9,579.0,424.3,53.8,5112.1255,147.6,39.5,DE
8,76,50.1,582.0,431.0,56.9,5440.0947,153.0,46.1,DE
8,77,51.7,582.0,434.8,60.6,5850.056,153.3,49.2,DE
8,78,58.7,584.0,440.6,65.2,6407.7944,155.5,52.1,DE
8,79,60.0,582.0,441.5,72.6,7017.0166,150.2,56.2,DE
8,80,62.7,595.0,454.0,82.4,7773.062,150.5,58.1,DE
8,81,66.0,598.0,458.8,90.9,8492.878,152.6,62.8,DE
8,82,74.1,602.0,463.6,96.5,9213.647,154.1,65.4,DE
8,83,82.0,606.0,469.4,99.6,10081.241,149.6,74.9,DE
8,84,91.1,613.0,476.1,103.9,10806.777,144.0,84.2,DE
8,85,98.7,622.0,481.8,107.6,11563.776,144.5,90.1,DE
8,86,105.2,633.0,492.4,109.6,12062.404,142.4,93.3,DE
8,87,111.4,644.0,502.0,113.6,12960.506,141.0,100.3,DE
8,88,119.3,660.0,513.0,118.3,14137.0,137.1,109.2,DE
8,89,124.0,673.0,522.0,124.0,14949.0,131.7,120.2,DE
8,90,140.0,681.2,528.3,130.7,16435.0,127.2,131.5,DE
8,91,143.2,695.5,537.5,136.2,16732.0,118.8,141.6,DE
8,92,174.7,704.7,543.6,140.3,18300.0,120.0,159.1,DE
9,63,23.4,792.0,563.1,30.6,2733.2266,246.4,24.7,DC
9,64,23.9,795.0,559.3,31.0,2894.0046,235.3,25.2,DC
9,65,24.1,802.0,560.2,31.5,3068.4434,246.5,25.1,DC
9,66,24.1,806.0,559.3,32.4,3215.5605,295.9,24.7,DC
9,67,26.6,808.0,559.3,33.4,3479.3206,249.8,26.3,DC
9,68,26.7,802.0,554.4,34.8,3752.5383,224.3,27.1,DC
9,69,27.2,798.0,561.2,36.7,3907.0112,212.2,28.3,DC
9,70,28.5,756.0,563.1,38.8,4202.2964,200.4,28.8,DC
9,71,32.6,750.0,560.2,40.5,4600.5635,213.0,30.2,DC
9,72,33.7,744.0,558.3,41.8,4964.1533,220.6,29.9,DC
9,73,34.5,734.0,553.4,44.4,5310.929,209.4,30.1,DC
9,74,36.0,721.0,547.6,49.3,5894.1436,182.7,31.3,DC
9,75,39.4,711.0,543.7,53.8,6587.696,176.5,33.6,DC
9,76,47.8,697.0,536.9,56.9,7003.827,167.7,37.9,DC
9,77,51.9,683.0,529.2,60.6,7770.938,136.7,38.4,DC
9,78,59.8,671.0,523.3,65.2,8369.915,130.3,42.8,DC
9,79,59.3,656.0,514.6,72.6,9306.211,128.5,45.8,DC
9,80,65.6,638.0,518.5,82.4,10605.045,129.7,48.5,DC
9,81,69.0,631.0,512.7,90.9,11612.798,131.9,51.8,DC
9,82,74.8,631.0,512.7,96.5,12167.64,132.0,56.4,DC
9,83,86.3,623.0,505.9,99.6,13222.68,124.5,68.8,DC
9,84,98.5,623.0,505.9,103.9,14479.48,124.6,76.0,DC
9,85,100.4,623.0,502.9,107.6,15439.945,122.1,83.6,DC
9,86,109.3,625.0,502.9,109.6,15675.333,117.2,91.3,DC
9,87,112.5,622.0,501.0,113.6,16632.645,113.0,94.6,DC
9,88,119.0,617.0,494.0,118.3,18397.0,105.4,102.1,DC
9,89,135.9,604.0,478.0,124.0,19937.0,101.1,109.4,DC
9,90,145.7,587.5,465.0,130.7,19351.0,84.1,128.6,DC
9,91,143.3,578.8,452.0,136.2,20231.0,82.2,136.5,DC
9,92,187.4,570.1,447.4,140.3,22101.0,82.6,157.9,DC
10,63,26.3,5532.0,3996.8,30.6,1980.6868,137.5,26.9,FL
10,64,29.7,5654.0,4087.2,31.0,2122.917,125.5,27.5,FL
10,65,29.7,5796.0,4197.7,31.5,2261.9863,131.1,29.8,FL
10,66,30.0,5914.0,4292.1,32.4,2430.5554,131.3,30.6,FL
10,67,30.2,6035.0,4401.6,33.4,2599.1245,132.8,31.5,FL
10,68,32.0,6210.0,4559.3,34.8,2861.4602,129.3,33.3,FL
10,69,41.3,6354.0,4733.1,36.7,3131.171,121.2,34.2,FL
10,70,43.5,6789.0,5188.1,38.8,3444.0771,123.6,34.3,FL
10,71,43.8,7101.0,5471.4,40.5,3693.77,123.0,35.8,FL
10,72,46.8,7407.0,5754.6,41.8,3978.2305,126.0,40.9,FL
10,73,47.4,7757.0,6073.1,44.4,4483.9375,132.6,42.1,FL
10,74,48.1,8087.0,6387.5,49.3,4813.701,136.0,42.4,FL
10,75,51.7,8253.0,6572.3,53.8,5129.768,131.9,44.5,FL
10,76,55.9,8348.0,6705.9,56.9,5436.353,130.3,47.9,FL
10,77,55.9,8481.0,6862.6,60.6,5965.239,133.1,49.5,FL
10,78,66.3,8661.0,7051.4,65.2,6677.443,133.4,54.7,FL
10,79,66.5,8860.0,7251.3,72.6,7425.4683,135.4,56.6,FL
10,80,69.8,9749.0,8052.9,82.4,8227.225,139.0,59.3,FL
10,81,72.8,10183.0,8426.6,90.9,9132.23,132.8,62.6,FL
10,82,79.0,10416.0,8626.4,96.5,9545.225,131.8,67.8,FL
10,83,90.5,10680.0,8855.5,99.6,10352.249,127.6,78.9,FL
10,84,99.3,10976.0,9113.6,103.9,11091.846,124.7,86.8,FL
10,85,104.2,11053.0,9113.6,107.6,11764.016,124.2,90.7,FL
10,86,113.8,11373.0,9384.8,109.6,12378.239,124.7,100.1,FL
10,87,120.8,12023.0,9649.0,113.6,13193.691,125.1,103.9,FL
10,88,130.5,12335.0,9870.0,118.3,14144.0,119.5,109.2,FL
10,89,139.8,12671.0,10113.0,124.0,15049.0,113.8,122.3,FL
10,90,150.1,12971.8,10353.1,130.7,15859.0,110.1,132.3,FL
10,91,174.8,13311.7,10561.6,136.2,16254.0,98.2,138.2,FL
10,92,187.0,13523.2,10664.3,140.3,17246.0,95.9,159.5,FL
11,63,26.9,4206.0,2768.4,30.6,1743.9395,108.3,26.1,GA
11,64,27.5,4304.0,2840.0,31.0,1865.9221,107.6,26.5,GA
11,65,30.9,4391.0,2903.9,31.5,2024.0862,103.5,26.2,GA
11,66,30.6,4462.0,2965.0,32.4,2193.6216,104.8,26.2,GA
11,67,31.5,4490.0,2996.5,33.4,2366.258,106.7,27.3,GA
11,68,33.3,4579.0,3077.6,34.8,2530.6248,105.0,29.5,GA
11,69,34.2,4641.0,3113.9,36.7,2730.1387,108.6,29.0,GA
11,70,34.3,4589.0,3159.7,38.8,2955.4966,109.9,32.5,GA
11,71,35.8,4679.0,3243.7,40.5,3189.1245,115.7,34.3,GA
11,72,40.9,4751.0,3314.3,41.8,3467.2039,117.0,34.1,GA
11,73,42.4,4826.0,3392.5,44.4,3885.8733,119.8,33.5,GA
11,74,42.4,4888.0,3463.1,49.3,4188.7627,123.7,35.2,GA
11,75,44.5,4926.0,3519.4,53.8,4493.7197,122.9,38.1,GA
11,76,47.9,4968.0,3581.5,56.9,4872.0728,125.9,41.0,GA
11,77,49.5,5027.0,3652.1,60.6,5279.371,127.9,42.2,GA
11,78,54.7,5075.0,3711.3,65.2,5893.4194,130.6,49.2,GA
11,79,56.6,5117.0,3764.7,72.6,6422.7007,131.0,50.2,GA
11,80,59.3,5464.0,4036.7,82.4,7014.007,134.0,52.3,GA
11,81,62.6,5574.0,4133.1,90.9,7744.869,131.7,54.7,GA
11,82,67.8,5639.0,4197.0,96.5,8357.884,131.2,61.9,GA
11,83,78.9,5732.0,4283.8,99.6,9010.182,128.6,72.4,GA
11,84,86.8,5837.0,4382.1,103.9,9955.031,126.3,81.3,GA
11,85,90.7,5973.0,4486.1,107.6,10577.35,128.8,83.0,GA
11,86,100.1,6100.0,4595.9,109.6,11423.992,129.0,88.7,GA
11,87,103.9,6222.0,4698.0,113.6,12115.572,129.3,95.3,GA
11,88,109.2,6342.0,4778.0,118.3,12925.0,124.1,99.9,GA
11,89,122.4,6436.0,4842.0,124.0,13464.0,117.1,111.9,GA
11,90,132.3,6503.3,4892.6,130.7,14354.0,113.8,125.2,GA
11,91,138.2,6648.8,4987.7,136.2,14694.0,109.6,129.0,GA
11,92,159.5,6777.3,5088.7,140.3,15943.0,109.2,151.9,GA
13,63,28.0,689.0,451.6,30.6,1938.8138,97.0,24.9,ID
13,64,29.4,687.0,453.5,31.0,2021.6064,90.1,26.2,ID
13,65,29.1,693.0,461.2,31.5,2302.4724,95.2,26.1,ID
13,66,29.8,700.0,468.9,32.4,2314.0005,94.5,26.5,ID
13,67,30.1,701.0,474.7,33.4,2445.0015,98.3,27.4,ID
13,68,32.0,709.0,485.3,34.8,2559.2344,99.1,32.3,ID
13,69,31.9,718.0,487.2,36.7,2813.9001,100.6,32.6,ID
13,70,33.8,713.0,493.0,38.8,3058.086,102.4,34.0,ID
13,71,33.6,735.0,513.2,40.5,3245.6792,108.5,34.4,ID
13,72,33.7,756.0,533.4,41.8,3615.626,126.1,34.4,ID
13,73,36.3,772.0,547.9,44.4,4165.8296,121.8,34.4,ID
13,74,38.0,794.0,568.1,49.3,4643.721,125.6,35.8,ID
13,75,40.3,815.0,586.4,53.8,4804.0664,123.3,38.6,ID
13,76,42.5,836.0,604.7,56.9,5161.437,125.1,42.6,ID
13,77,45.6,859.0,623.0,60.6,5555.488,125.0,43.4,ID
13,78,51.5,882.0,640.3,65.2,6217.8286,122.8,49.5,ID
13,79,55.4,905.0,655.7,72.6,6672.6636,117.5,51.7,ID
13,80,56.4,944.0,677.9,82.4,7348.6284,115.2,55.3,ID
13,81,59.2,959.0,687.5,90.9,8047.6494,114.1,55.9,ID
13,82,67.6,965.0,691.3,96.5,8138.826,111.5,64.3,ID
13,83,76.5,989.0,707.7,99.6,8744.574,111.3,71.0,ID
13,84,88.5,1001.0,717.3,103.9,9148.058,103.6,81.7,ID
13,85,97.6,1004.0,723.1,107.6,9493.9,100.7,87.4,ID
13,86,99.9,1002.0,726.0,109.6,9883.759,96.7,97.8,ID
13,87,107.1,998.0,726.0,113.6,10386.803,95.0,102.7,ID
13,88,121.9,1003.0,732.0,118.3,11177.0,84.5,112.9,ID
13,89,133.6,1014.0,742.0,124.0,12041.0,78.4,118.6,ID
13,90,141.3,1027.3,751.7,130.7,13318.0,90.1,129.5,ID
13,91,144.4,1059.9,777.4,136.2,14079.0,85.4,127.0,ID
13,92,167.2,1088.5,802.2,140.3,14572.0,85.1,155.1,ID
14,63,25.4,10369.0,7115.8,30.6,2655.6912,145.5,24.1,IL
14,64,25.6,10538.0,7225.6,31.0,2831.5508,144.5,25.0,IL
14,65,26.2,10641.0,7307.5,31.5,3037.7673,145.5,24.5,IL
14,66,30.0,10787.0,7425.9,32.4,3229.3289,144.2,24.7,IL
14,67,30.1,10887.0,7521.3,33.4,3391.5803,141.8,25.0,IL
14,68,35.6,10958.0,7608.9,34.8,3582.095,132.6,26.3,IL
14,69,35.2,11047.0,7738.0,36.7,3795.639,130.4,27.0,IL
14,70,41.4,11113.0,7860.3,38.8,4013.3699,124.8,28.3,IL
14,71,41.4,11172.0,7963.3,40.5,4319.031,125.6,30.1,IL
14,72,41.9,11200.0,8054.8,41.8,4560.838,126.6,30.6,IL
14,73,41.0,11179.0,8110.6,44.4,5158.552,124.4,30.6,IL
14,74,41.9,11169.0,8177.1,49.3,5603.435,131.9,31.5,IL
14,75,45.2,11178.0,8255.1,53.8,6120.5464,131.8,33.3,IL
14,76,48.4,11209.0,8342.7,56.9,6523.558,134.4,36.0,IL
14,77,49.4,11232.0,8417.9,60.6,7108.7104,134.0,36.9,IL
14,78,54.6,11238.0,8472.7,65.2,7812.1494,136.7,41.4,IL
14,79,56.8,11229.0,8505.5,72.6,8642.249,135.3,43.4,IL
14,80,60.0,11427.0,8673.1,82.4,9179.249,135.2,46.3,IL
14,81,63.1,11462.0,8714.5,90.9,10134.963,133.0,49.4,IL
14,82,69.6,11448.0,8716.4,96.5,10588.221,130.7,56.3,IL
14,83,80.8,11486.0,8759.7,99.6,11044.618,127.9,66.4,IL
14,84,89.6,11511.0,8799.2,103.9,12027.549,124.0,75.4,IL
14,85,96.7,11538.0,8832.9,107.6,12644.1045,121.6,79.3,IL
14,86,108.4,11551.0,8864.7,109.6,13314.046,118.2,85.4,IL
14,87,116.2,11582.0,8909.0,113.6,13970.38,109.5,90.5,IL
14,88,124.1,11614.0,8961.0,118.3,15103.0,107.6,94.4,IL
14,89,132.7,11658.0,9003.0,124.0,16060.0,104.6,103.8,IL
14,90,147.3,11679.5,9019.6,130.7,17510.0,94.1,115.6,IL
14,91,154.4,11793.9,9080.1,136.2,17908.0,96.1,120.5,IL
14,92,179.8,11883.8,9138.5,140.3,18914.0,94.8,135.8,IL
15,63,24.4,4780.0,3206.7,30.6,2204.3264,138.5,24.1,IN
15,64,26.0,4832.0,3244.2,31.0,2344.611,134.3,25.0,IN
15,65,26.0,4893.0,3296.9,31.5,2562.2585,135.3,24.5,IN
15,66,28.8,4973.0,3365.1,32.4,2702.5432,132.1,24.7,IN
15,67,29.1,5012.0,3411.1,33.4,2784.0322,134.8,25.0,IN
15,68,29.8,5065.0,3472.5,34.8,2970.7346,134.3,26.3,IN
15,69,29.7,5118.0,3514.8,36.7,3194.5713,132.9,27.0,IN
15,70,30.6,5193.0,3616.5,38.8,3304.9421,134.6,28.3,IN
15,71,32.2,5239.0,3681.7,40.5,3570.039,139.3,30.1,IN
15,72,32.5,5278.0,3743.1,41.8,3812.4426,149.2,30.6,IN
15,73,32.9,5304.0,3794.9,44.4,4427.2197,156.0,30.6,IN
15,74,34.5,5318.0,3840.0,49.3,4611.859,159.6,31.5,IN
15,75,36.7,5312.0,3869.8,53.8,5024.461,162.4,33.3,IN
15,76,38.7,5326.0,3912.0,56.9,5521.6465,166.6,36.0,IN
15,77,40.6,5352.0,3960.0,60.6,6012.643,173.0,36.9,IN
15,78,50.0,5387.0,4013.7,65.2,6663.5225,150.9,41.4,IN
15,79,52.5,5400.0,4045.4,72.6,7358.7573,148.9,43.4,IN
15,80,53.7,5490.0,4103.9,82.4,7760.0127,146.9,46.3,IN
15,81,58.3,5468.0,4102.0,90.9,8407.798,148.5,49.4,IN
15,82,65.1,5471.0,4115.4,96.5,8612.036,147.7,56.3,IN
15,83,75.7,5479.0,4134.6,99.6,9060.74,143.0,66.4,IN
15,84,85.2,5498.0,4164.4,103.9,10077.805,137.8,75.4,IN
15,85,88.8,5500.0,4186.4,107.6,10502.784,135.3,79.3,IN
15,86,93.6,5503.0,4211.4,109.6,11140.255,137.6,85.4,IN
15,87,100.1,5531.0,4244.0,113.6,11803.513,134.0,90.5,IN
15,88,109.3,5556.0,4275.0,118.3,12638.0,134.0,94.4,IN
15,89,119.0,5593.0,4301.0,124.0,13451.0,132.5,103.8,IN
15,90,130.8,5613.2,4316.6,130.7,14441.0,128.3,115.6,IN
15,91,135.8,5680.1,4373.5,136.2,14773.0,127.2,120.5,IN
15,92,153.5,5732.7,4430.4,140.3,15882.0,128.2,135.8,IN
16,63,26.4,2758.0,1880.7,30.6,2153.0144,114.9,25.4,IA
16,64,27.9,2763.0,1889.4,31.0,2280.5627,109.7,25.6,IA
16,65,28.1,2758.0,1897.1,31.5,2537.7,116.0,26.1,IA
16,66,31.6,2764.0,1912.5,32.4,2722.39,108.2,26.2,IA
16,67,32.0,2772.0,1930.8,33.4,2744.8384,113.7,27.5,IA
16,68,36.3,2775.0,1950.1,34.8,2918.304,109.2,29.2,IA
16,69,36.0,2781.0,1963.6,36.7,3165.2373,107.9,29.9,IA
16,70,37.7,2825.0,2000.2,38.8,3369.3145,108.5,33.9,IA
16,71,38.5,2849.0,2036.8,40.5,3507.0667,108.4,34.7,IA
16,72,41.9,2856.0,2062.8,41.8,3892.7725,109.4,37.7,IA
16,73,41.9,2858.0,2084.0,44.4,4829.487,110.6,37.7,IA
16,74,43.2,2861.0,2108.1,49.3,4793.7734,116.1,38.0,IA
16,75,45.4,2873.0,2137.0,53.8,5289.681,120.5,42.8,IA
16,76,47.8,2894.0,2172.7,56.9,5794.772,124.4,44.7,IA
16,77,49.4,2903.0,2195.8,60.6,6047.8276,125.5,45.9,IA
16,78,54.6,2906.0,2213.1,65.2,7016.1743,127.1,49.9,IA
16,79,56.4,2902.0,2219.9,72.6,7617.1816,124.2,52.2,IA
16,80,58.8,2913.0,2213.1,82.4,7957.99,124.6,57.3,IA
16,81,61.4,2899.0,2206.4,90.9,8951.847,132.9,59.9,IA
16,82,72.8,2905.0,2212.2,96.5,9118.169,116.2,64.7,IA
16,83,84.0,2905.0,2216.0,99.6,9124.292,115.6,74.8,IA
16,84,93.3,2910.0,2218.9,103.9,10180.391,111.2,84.8,IA
16,85,99.5,2880.0,2209.3,107.6,10668.136,109.4,92.3,IA
16,86,104.8,2850.0,2195.8,109.6,11155.88,104.1,101.9,IA
16,87,117.1,2834.0,2190.0,113.6,11623.217,101.1,108.5,IA
16,88,124.2,2834.0,2203.0,118.3,12213.0,100.2,114.6,IA
16,89,145.1,2840.0,2209.0,124.0,13138.0,94.4,118.9,IA
16,90,149.6,2846.1,2213.8,130.7,14647.0,95.4,129.1,IA
16,91,155.4,2864.6,2228.3,136.2,14873.0,97.1,132.5,IA
16,92,178.5,2882.0,2238.7,140.3,16089.0,95.2,153.1,IA
17,63,25.8,2261.0,1550.4,30.6,2148.6675,115.8,25.8,KS
17,64,25.6,2237.0,1537.8,31.0,2316.5974,111.2,25.7,KS
17,65,28.1,2248.0,1552.3,31.5,2488.6995,107.8,26.1,KS
17,66,30.5,2275.0,1582.3,32.4,2639.9407,101.7,26.2,KS
17,67,31.0,2281.0,1597.8,33.4,2768.2349,101.2,27.5,KS
17,68,32.4,2291.0,1622.0,34.8,2945.552,100.1,29.2,KS
17,69,32.6,2321.0,1656.9,36.7,3163.5479,102.6,29.9,KS
17,70,34.2,2249.0,1624.9,38.8,3411.792,114.0,33.9,KS
17,71,38.9,2247.0,1641.4,40.5,3717.4036,102.8,34.7,KS
17,72,38.8,2259.0,1665.6,41.8,4125.233,111.0,37.7,KS
17,73,39.3,2269.0,1687.9,44.4,4790.6943,115.2,37.7,KS
17,74,40.2,2275.0,1706.3,49.3,5095.2627,118.6,38.0,KS
17,75,42.7,2287.0,1730.5,53.8,5498.92,123.4,43.5,KS
17,76,46.6,2309.0,1760.5,56.9,5587.5786,127.7,44.7,KS
17,77,48.1,2331.0,1787.6,60.6,6407.41,127.9,45.9,KS
17,78,52.6,2347.0,1810.8,65.2,7177.1753,127.1,49.9,KS
17,79,54.8,2369.0,1832.2,72.6,8258.811,126.4,52.2,KS
17,80,58.3,2363.0,1814.7,82.4,8365.201,127.1,57.3,KS
17,81,59.8,2383.0,1828.3,90.9,9461.438,132.0,59.9,KS
17,82,65.1,2408.0,1843.8,96.5,10019.466,130.9,64.7,KS
17,83,77.0,2425.0,1856.4,99.6,10400.177,127.6,74.8,KS
17,84,91.0,2438.0,1867.0,103.9,11277.376,121.7,84.8,KS
17,85,97.5,2449.0,1873.8,107.6,11843.748,115.7,93.7,KS
17,86,103.0,2459.0,1887.3,109.6,12517.553,109.4,101.9,KS
17,87,114.5,2476.0,1898.0,113.6,12827.337,105.2,108.5,KS
17,88,123.9,2495.0,1912.0,118.3,13425.0,103.2,114.6,KS
17,89,136.5,2513.0,1920.0,124.0,14103.0,96.5,118.9,KS
17,90,145.8,2518.1,1923.9,130.7,15398.0,94.3,129.1,KS
17,91,145.7,2535.4,1932.1,136.2,15849.0,91.8,132.5,KS
17,92,174.2,2563.8,1913.0,140.3,16982.0,90.0,153.1,KS
18,63,24.1,3121.0,2106.7,30.6,1724.5822,126.3,24.4,KY
18,64,25.0,3163.0,2142.2,31.0,1792.8512,127.0,25.2,KY
18,65,24.5,3173.0,2157.6,31.5,1935.6912,128.7,25.1,KY
18,66,24.7,3181.0,2176.8,32.4,2089.034,134.0,24.7,KY
18,67,25.0,3201.0,2207.5,33.4,2237.1255,139.3,26.3,KY
18,68,26.3,3224.0,2242.1,34.8,2405.1724,142.8,27.1,KY
18,69,27.0,3232.0,2256.5,36.7,2587.9236,146.3,28.3,KY
18,70,28.3,3219.0,2270.0,38.8,2812.6863,155.8,28.8,KY
18,71,30.1,3280.0,2330.5,40.5,3006.9907,163.5,30.2,KY
18,72,30.6,3303.0,2360.3,41.8,3239.1055,179.4,29.9,KY
18,73,30.6,3325.0,2396.8,44.4,3653.9714,201.9,30.1,KY
18,74,31.5,3356.0,2440.0,49.3,4052.0327,212.4,31.3,KY
18,75,33.3,3392.0,2484.2,53.8,4380.775,223.0,33.6,KY
18,76,36.0,3439.0,2537.0,56.9,4802.9927,230.9,37.9,KY
18,77,36.9,3468.0,2574.5,60.6,5232.563,229.4,38.4,KY
18,78,41.4,3490.0,2603.3,65.2,5753.5083,224.7,42.8,KY
18,79,43.4,3527.0,2641.7,72.6,6409.942,214.9,45.8,KY
18,80,46.3,3661.0,2737.8,82.4,6775.4443,215.3,48.5,KY
18,81,49.4,3662.0,2745.5,90.9,7506.448,209.7,51.8,KY
18,82,56.3,3667.0,2757.0,96.5,7988.533,210.6,56.4,KY
18,83,66.4,3714.0,2800.2,99.6,8272.112,201.1,68.8,KY
18,84,75.4,3723.0,2812.7,103.9,9062.983,183.2,76.0,KY
18,85,79.3,3728.0,2829.1,107.6,9282.495,182.4,83.6,KY
18,86,85.4,3726.0,2841.6,109.6,9722.568,179.8,91.3,KY
18,87,90.5,3727.0,2855.0,113.6,10328.588,171.2,94.6,KY
18,88,94.4,3727.0,2867.0,118.3,11089.0,173.2,102.1,KY
18,89,103.8,3727.0,2874.0,124.0,11873.0,171.6,109.4,KY
18,90,115.6,3735.1,2880.3,130.7,12879.0,182.5,128.6,KY
18,91,120.5,3763.5,2903.6,136.2,13338.0,170.8,132.5,KY
18,92,135.8,3806.1,2942.1,140.3,14664.0,167.6,153.1,KY
19,63,30.1,3410.0,2194.0,30.6,1675.9379,114.0,27.0,LA
19,64,30.1,3493.0,2253.6,31.0,1782.5702,114.0,27.3,LA
19,65,30.3,3560.0,2305.5,31.5,1910.3278,117.5,27.2,LA
19,66,30.0,3624.0,2363.2,32.4,2054.181,119.7,30.3,LA
19,67,31.5,3663.0,2404.5,33.4,2236.2605,120.0,30.4,LA
19,68,32.5,3710.0,2455.5,34.8,2413.3103,117.3,30.9,LA
19,69,33.3,3745.0,2467.0,36.7,2511.895,115.9,30.9,LA
19,70,34.3,3643.0,2467.0,38.8,2709.0642,115.9,36.2,LA
19,71,39.3,3696.0,2530.5,40.5,2877.0603,119.8,37.5,LA
19,72,40.0,3737.0,2580.5,41.8,3075.2354,125.3,37.4,LA
19,73,39.9,3753.0,2616.0,44.4,3410.222,126.7,37.3,LA
19,74,41.6,3774.0,2658.3,49.3,3855.8645,129.9,41.4,LA
19,75,44.3,3829.0,2722.8,53.8,4252.215,133.6,43.0,LA
19,76,48.1,3883.0,2781.4,56.9,4694.8394,139.6,46.4,LA
19,77,48.9,3935.0,2839.1,60.6,5161.607,140.0,48.8,LA
19,78,54.2,3978.0,2889.1,65.2,5786.3115,142.7,53.6,LA
19,79,57.1,4018.0,2933.3,72.6,6416.046,140.1,56.5,LA
19,80,60.0,4204.0,3079.4,82.4,7284.1934,143.8,59.7,LA
19,81,62.6,4308.0,3160.2,90.9,8164.413,144.0,63.0,LA
19,82,70.3,4362.0,3200.6,96.5,8669.407,143.9,69.2,LA
19,83,80.7,4438.0,3256.4,99.6,8984.274,133.7,78.6,LA
19,84,90.7,4462.0,3274.6,103.9,9465.126,128.9,89.0,LA
19,85,103.0,4485.0,3294.8,107.6,9747.802,125.0,96.4,LA
19,86,105.1,4499.0,3313.1,109.6,9902.721,121.2,103.6,LA
19,87,117.8,4461.0,3290.0,113.6,10098.884,116.5,113.0,LA
19,88,120.4,4408.0,3250.0,118.3,10793.0,110.9,119.9,LA
19,89,130.7,4382.0,3239.0,124.0,11348.0,103.6,125.8,LA
19,90,143.4,4348.0,3213.9,130.7,12764.0,101.5,139.9,LA
19,91,149.6,4381.0,3239.6,136.2,13349.0,107.2,142.7,LA
19,92,178.1,4417.0,3274.6,140.3,14163.0,108.5,160.8,LA
20,63,26.7,985.0,669.7,30.6,1878.7179,138.4,24.2,ME
20,64,26.8,984.0,668.7,31.0,2042.64,137.4,24.7,ME
20,65,27.2,986.0,671.6,31.5,2212.9487,139.1,24.7,ME
20,66,29.6,985.0,673.5,32.4,2356.6467,135.1,25.9,ME
20,67,30.3,982.0,674.5,33.4,2447.1233,136.0,26.5,ME
20,68,32.0,978.0,676.4,34.8,2613.1743,135.6,29.9,ME
20,69,33.4,978.0,680.2,36.7,2827.1245,135.2,29.9,ME
20,70,38.0,993.0,697.5,38.8,3103.8762,128.5,31.4,ME
20,71,38.8,1012.0,716.7,40.5,3280.5715,133.2,34.1,ME
20,72,41.5,1028.0,734.0,41.8,3507.295,136.5,36.1,ME
20,73,41.0,1037.0,747.4,44.4,3870.2654,138.0,36.9,ME
20,74,41.8,1048.0,760.8,49.3,4234.3003,142.1,37.9,ME
20,75,46.7,1058.0,776.2,53.8,4492.9565,140.7,40.8,ME
20,76,49.9,1072.0,792.5,56.9,5028.3647,144.9,43.9,ME
20,77,50.9,1084.0,808.8,60.6,5440.299,145.6,45.0,ME
20,78,55.0,1092.0,819.3,65.2,5882.037,143.9,49.7,ME
20,79,54.5,1097.0,828.9,72.6,6445.12,138.5,53.2,ME
20,80,59.0,1125.0,851.0,82.4,7097.615,141.2,55.3,ME
20,81,62.9,1133.0,862.5,90.9,7850.167,138.9,58.4,ME
20,82,69.7,1133.0,864.4,96.5,8341.934,139.5,67.0,ME
20,83,80.8,1146.0,877.9,99.6,8962.496,135.4,74.7,ME
20,84,93.7,1156.0,890.3,103.9,9851.294,135.5,90.5,ME
20,85,98.1,1165.0,899.9,107.6,10501.661,127.9,89.2,ME
20,86,112.7,1172.0,908.6,109.6,11146.705,119.0,100.0,ME
20,87,121.2,1187.0,922.0,113.6,12056.792,125.0,102.0,ME
20,88,129.0,1205.0,940.0,118.3,13068.0,125.0,113.5,ME
20,89,144.4,1222.0,953.0,124.0,14110.0,122.4,125.9,ME
20,90,160.1,1230.0,959.2,130.7,14975.0,117.5,135.9,ME
20,91,158.9,1237.0,963.3,136.2,15093.0,116.1,153.9,ME
20,92,187.7,1237.0,968.3,140.3,16298.0,114.7,164.4,ME
21,63,28.2,3351.0,2238.0,30.6,2312.307,122.7,23.4,MD
21,64,28.5,3442.0,2299.3,31.0,2483.397,122.2,23.9,MD
21,65,27.9,3534.0,2365.4,31.5,2629.601,121.0,24.1,MD
21,66,28.2,3608.0,2425.8,32.4,2780.9897,121.0,24.1,MD
21,67,29.4,3680.0,2485.2,33.4,2967.6335,121.7,26.3,MD
21,68,30.9,3716.0,2523.6,34.8,3140.797,121.7,26.7,MD
21,69,30.7,3765.0,2563.8,36.7,3384.4707,122.3,27.2,MD
21,70,32.6,3922.0,2723.9,38.8,3702.8018,123.5,28.5,MD
21,71,34.2,4011.0,2816.9,40.5,3968.2505,126.7,30.2,MD
21,72,34.3,4062.0,2884.0,41.8,4212.961,133.2,29.9,MD
21,73,35.3,4082.0,2933.8,44.4,4684.755,137.3,30.1,MD
21,74,35.8,4099.0,2980.8,49.3,5073.5957,144.8,31.3,MD
21,75,39.5,4115.0,3028.7,53.8,5543.3154,146.1,33.6,MD
21,76,46.1,4123.0,3071.8,56.9,6029.6255,137.1,37.9,MD
21,77,49.2,4138.0,3114.9,60.6,6435.057,135.7,38.4,MD
21,78,52.1,4148.0,3153.3,65.2,7184.742,134.1,42.8,MD
21,79,56.2,4148.0,3181.1,72.6,7917.837,131.9,45.8,MD
21,80,58.1,4216.0,3230.9,82.4,8888.384,131.5,48.5,MD
21,81,62.8,4263.0,3287.5,90.9,9726.206,137.1,51.8,MD
21,82,65.4,4265.0,3302.8,96.5,10426.119,131.3,56.4,MD
21,83,74.9,4304.0,3346.9,99.6,11464.065,128.2,68.8,MD
21,84,84.2,4349.0,3391.9,103.9,12555.931,122.5,76.0,MD
21,85,90.1,4391.0,3434.1,107.6,13494.333,121.9,83.6,MD
21,86,93.3,4461.0,3496.4,109.6,14247.129,121.8,91.3,MD
21,87,100.3,4535.0,3552.0,113.6,15111.911,119.3,94.6,MD
21,88,109.2,4622.0,3612.0,118.3,16491.0,115.0,102.1,MD
21,89,120.2,4694.0,3658.0,124.0,17489.0,109.0,109.4,MD
21,90,131.5,4747.6,3699.8,130.7,18172.0,102.8,128.6,MD
21,91,141.6,4826.1,3737.4,136.2,18477.0,97.6,136.5,MD
21,92,159.1,4871.8,3760.2,140.3,19746.0,91.7,157.9,MD
22,63,28.0,5252.0,3669.4,30.6,2498.0022,142.2,24.2,MA
22,64,28.4,5287.0,3686.8,31.0,2653.9272,138.7,24.7,MA
22,65,28.4,5361.0,3740.8,31.5,2802.3762,136.5,24.7,MA
22,66,31.0,5403.0,3779.3,32.4,2983.9326,131.6,25.9,MA
22,67,33.6,5434.0,3812.1,33.4,3187.9165,130.2,26.5,MA
22,68,35.1,5438.0,3839.1,34.8,3401.5122,128.0,29.9,MA
22,69,35.0,5467.0,3914.3,36.7,3626.8557,129.7,29.9,MA
22,70,39.6,5689.0,4076.2,38.8,3931.2297,124.3,31.4,MA
22,71,41.0,5741.0,4151.4,40.5,4199.2925,121.4,34.1,MA
22,72,46.0,5767.0,4211.1,41.8,4442.7915,117.9,36.1,MA
22,73,46.0,5793.0,4274.8,44.4,4861.4395,121.2,36.9,MA
22,74,46.3,5789.0,4313.3,49.3,5272.6113,124.3,37.9,MA
22,75,49.4,5778.0,4350.9,53.8,5721.162,126.1,40.8,MA
22,76,57.4,5769.0,4389.5,56.9,6115.246,116.9,43.9,MA
22,77,57.3,5768.0,4432.8,60.6,6611.8564,118.9,45.0,MA
22,78,61.8,5771.0,4477.2,65.2,7274.0034,120.5,49.7,MA
22,79,64.5,5769.0,4513.8,72.6,8027.996,118.2,53.2,MA
22,80,68.2,5737.0,4493.6,82.4,8940.05,120.5,55.3,MA
22,81,70.8,5773.0,4552.3,90.9,9837.152,123.2,58.4,MA
22,82,78.1,5781.0,4577.4,96.5,10820.761,122.3,66.8,MA
22,83,88.7,5767.0,4585.1,99.6,11715.727,119.8,74.7,MA
22,84,101.4,5798.0,4627.5,103.9,13018.661,116.0,90.5,MA
22,85,108.3,5823.0,4663.2,107.6,13860.229,117.2,89.2,MA
22,86,115.0,5834.0,4679.6,109.6,14869.468,115.8,100.0,MA
22,87,120.4,5855.0,4695.0,113.6,16086.964,113.8,102.0,MA
22,88,131.6,5889.0,4722.0,118.3,17690.0,111.7,113.5,MA
22,89,148.6,5913.0,4726.0,124.0,18636.0,104.4,125.9,MA
22,90,152.4,5913.0,4726.0,130.7,19051.0,99.4,135.9,MA
22,91,163.3,5893.3,4678.8,136.2,19385.0,93.5,150.1,MA
22,92,175.9,5895.3,4668.0,140.3,20822.0,90.5,164.4,MA
23,63,28.8,8036.0,5265.5,30.6,2251.0007,126.7,24.4,MI
23,64,29.3,8161.0,5362.8,31.0,2462.5308,125.0,26.0,MI
23,65,28.7,8317.0,5494.4,31.5,2675.0588,131.8,26.0,MI
23,66,29.2,8496.0,5646.1,32.4,2845.68,134.5,26.3,MI
23,67,30.0,8608.0,5758.7,33.4,2906.5447,134.4,27.0,MI
23,68,32.0,8673.0,5849.3,34.8,3126.0571,134.2,29.8,MI
23,69,31.9,8766.0,5892.2,36.7,3303.6628,133.4,29.7,MI
23,70,33.7,8875.0,6064.9,38.8,3415.4146,128.6,30.6,MI
23,71,39.2,8965.0,6198.4,40.5,3710.7585,126.1,32.2,MI
23,72,40.0,9015.0,6301.4,41.8,4008.0981,131.4,32.5,MI
23,73,40.2,9060.0,6398.7,44.4,4496.0146,133.7,32.9,MI
23,74,41.1,9096.0,6488.4,49.3,4812.312,138.8,34.5,MI
23,75,44.4,9092.0,6553.3,53.8,5141.581,136.8,36.7,MI
23,76,47.9,9100.0,6621.9,56.9,5686.371,138.0,38.7,MI
23,77,48.3,9138.0,6704.9,60.6,6325.95,140.3,40.6,MI
23,78,54.0,9181.0,6787.9,65.2,7044.355,141.8,50.0,MI
23,79,57.2,9207.0,6849.0,72.6,7732.8257,140.9,52.5,MI
23,80,60.3,9262.0,6880.4,82.4,8329.501,140.7,53.7,MI
23,81,61.8,9204.0,6871.9,90.9,9004.003,139.5,58.3,MI
23,82,68.0,9109.0,6828.0,96.5,9337.263,137.3,65.1,MI
23,83,87.7,9069.0,6828.0,99.6,10002.784,128.3,75.7,MI
23,84,97.0,9075.0,6864.2,103.9,11039.481,128.2,85.2,MI
23,85,101.4,9085.0,6913.8,107.6,11760.88,126.6,88.8,MI
23,86,106.0,9139.0,6992.0,109.6,12501.235,126.5,93.6,MI
23,87,111.4,9200.0,7055.0,113.6,13064.983,122.1,100.1,MI
23,88,122.2,9240.0,7090.0,118.3,13957.002,121.1,108.4,MI
23,89,133.0,9273.0,7108.0,124.0,14757.0,116.6,119.0,MI
23,90,143.9,9315.1,7140.3,130.7,15560.0,114.4,130.8,MI
23,91,144.9,9388.2,7183.5,136.2,15938.0,110.3,135.8,MI
23,92,176.7,9457.4,7226.7,140.3,17154.0,107.6,153.5,MI
24,63,28.7,3507.0,2314.2,30.6,2067.251,112.6,26.4,MN
24,64,30.1,3529.0,2333.4,31.0,2157.088,104.7,27.9,MN
24,65,30.2,3562.0,2367.9,31.5,2360.7188,109.2,28.1,MN
24,66,30.3,3585.0,2398.6,32.4,2527.4163,110.7,30.2,MN
24,67,30.9,3625.0,2444.7,33.4,2669.1594,114.4,30.5,MN
24,68,32.7,3663.0,2493.6,34.8,2876.7827,113.7,32.3,MN
24,69,32.8,3700.0,2516.7,36.7,3071.4297,112.3,32.3,MN
24,70,39.1,3805.0,2624.1,38.8,3331.9573,104.3,37.3,MN
24,71,40.1,3853.0,2690.3,40.5,3524.608,116.4,38.5,MN
24,72,45.2,3870.0,2734.5,41.8,3757.186,96.8,38.9,MN
24,73,45.6,3891.0,2783.4,44.4,4514.812,106.8,39.4,MN
24,74,47.0,3907.0,2829.4,49.3,4644.5767,110.6,39.9,MN
24,75,49.4,3937.0,2885.1,53.8,4962.9995,111.5,42.6,MN
24,76,52.1,3970.0,2941.7,56.9,5312.3657,116.7,45.0,MN
24,77,53.1,3996.0,2989.7,60.6,6025.073,117.2,46.4,MN
24,78,57.9,4024.0,3033.8,65.2,6668.9053,118.9,53.2,MN
24,79,60.9,4060.0,3078.9,72.6,7378.618,118.3,54.1,MN
24,80,63.0,4077.0,3079.9,82.4,8054.393,117.7,58.8,MN
24,81,65.8,4094.0,3101.9,90.9,8895.867,120.8,61.4,MN
24,82,71.7,4133.0,3130.7,96.5,9376.994,119.4,67.8,MN
24,83,87.3,4144.0,3143.2,99.6,9884.074,113.2,77.9,MN
24,84,99.2,4162.0,3166.2,103.9,11105.858,110.8,89.8,MN
24,85,101.5,4190.0,3196.9,107.6,11676.823,113.0,92.3,MN
24,86,116.3,4213.0,3224.7,109.6,12407.498,104.3,104.2,MN
24,87,120.1,4246.0,3266.0,113.6,12961.493,108.8,110.3,MN
24,88,141.7,4307.0,3312.0,118.3,13785.0,94.1,123.3,MN
24,89,152.5,4353.0,3339.0,124.0,14771.0,92.3,130.1,MN
24,90,162.3,4390.1,3367.5,130.7,15553.0,90.7,138.9,MN
24,91,173.9,4447.3,3406.0,136.2,15869.0,86.2,150.3,MN
24,92,197.7,4495.5,3440.5,140.3,17255.0,83.8,160.0,MN
25,63,30.5,2291.0,1460.9,30.6,1322.573,83.9,26.1,MS
25,64,30.4,2304.0,1472.4,31.0,1383.3695,86.1,27.3,MS
25,65,31.4,2309.0,1483.8,31.5,1496.9891,83.5,27.2,MS
25,66,31.8,2339.0,1516.1,32.4,1616.5889,86.9,29.5,MS
25,67,31.6,2344.0,1530.4,33.4,1760.1084,88.1,29.6,MS
25,68,33.9,2349.0,1547.5,34.8,1919.5746,89.0,30.9,MS
25,69,34.8,2360.0,1541.8,36.7,2069.0742,91.0,30.9,MS
25,70,36.2,2216.0,1490.4,38.8,2243.4905,93.4,34.3,MS
25,71,37.5,2253.0,1529.4,40.5,2441.8264,105.4,38.8,MS
25,72,37.4,2286.0,1563.7,41.8,2681.026,112.1,40.0,MS
25,73,37.3,2319.0,1598.9,44.4,3042.815,115.0,39.9,MS
25,74,41.4,2338.0,1623.6,49.3,3302.944,117.1,41.6,MS
25,75,43.0,2350.0,1642.6,53.8,3530.1836,116.8,44.3,MS
25,76,46.4,2371.0,1668.3,56.9,3878.0193,120.9,48.1,MS
25,77,48.8,2390.0,1691.1,60.6,4343.4614,122.1,48.9,MS
25,78,53.6,2409.0,1712.0,65.2,4773.0234,124.9,54.2,MS
25,79,56.5,2429.0,1732.0,72.6,5257.402,123.9,56.8,MS
25,80,59.7,2521.0,1791.0,82.4,5676.001,127.0,60.0,MS
25,81,63.0,2531.0,1824.3,90.9,6301.906,125.3,62.6,MS
25,82,69.2,2551.0,1841.4,96.5,6824.1577,125.8,68.3,MS
25,83,78.6,2587.0,1872.8,99.6,7118.1733,122.3,79.1,MS
25,84,89.0,2598.0,1887.1,103.9,7659.362,116.4,88.3,MS
25,85,96.4,2613.0,1900.4,107.6,7968.3276,115.3,92.5,MS
25,86,106.0,2624.0,1917.5,109.6,8390.913,113.2,98.8,MS
25,87,115.8,2625.0,1927.0,113.6,8827.452,110.0,103.5,MS
25,88,122.6,2620.0,1931.0,118.3,9560.0,109.0,112.1,MS
25,89,125.8,2621.0,1939.0,124.0,10102.0,108.3,121.5,MS
25,90,139.9,2620.0,1938.2,130.7,11054.0,101.8,135.0,MS
25,91,142.7,2639.3,1952.4,136.2,11528.0,105.6,137.4,MS
25,92,160.8,2661.7,1978.8,140.3,13006.0,103.9,163.9,MS
26,63,25.8,4412.0,3064.2,30.6,2180.0547,133.2,24.1,MO
26,64,25.7,4471.0,3103.8,31.0,2313.1147,130.0,25.0,MO
26,65,26.1,4492.0,3125.9,31.5,2486.6248,130.2,24.5,MO
26,66,26.2,4567.0,3191.5,32.4,2623.9429,139.3,24.7,MO
26,67,27.5,4587.0,3218.5,33.4,2772.97,138.3,25.0,MO
26,68,29.2,4610.0,3258.0,34.8,3018.8647,137.3,26.3,MO
26,69,29.9,4651.0,3325.5,36.7,3128.506,137.2,27.0,MO
26,70,36.0,4677.0,3352.5,38.8,3389.3037,121.3,28.3,MO
26,71,36.8,4717.0,3413.2,40.5,3624.5537,127.6,30.1,MO
26,72,37.7,4745.0,3458.5,41.8,3848.0945,130.0,30.6,MO
26,73,37.7,4763.0,3501.9,44.4,4351.5933,132.1,30.6,MO
26,74,38.0,4771.0,3542.3,49.3,4610.262,135.4,31.5,MO
26,75,43.5,4779.0,3578.0,53.8,5041.3765,135.6,33.3,MO
26,76,44.7,4804.0,3628.1,56.9,5443.75,139.5,36.0,MO
26,77,45.9,4823.0,3667.6,60.6,6035.6006,140.8,36.9,MO
26,78,49.9,4847.0,3707.2,65.2,6645.5474,141.8,41.4,MO
26,79,52.2,4867.0,3739.9,72.6,7398.135,140.2,43.4,MO
26,80,57.3,4917.0,3764.0,82.4,7856.926,142.1,46.3,MO
26,81,59.9,4941.0,3788.1,90.9,8681.897,140.5,49.4,MO
26,82,64.7,4951.0,3797.8,96.5,9133.237,139.7,56.3,MO
26,83,74.8,4970.0,3817.1,99.6,9800.666,134.1,66.4,MO
26,84,84.8,5008.0,3850.8,103.9,10675.668,130.0,75.4,MO
26,85,93.7,5034.0,3881.6,107.6,11363.322,129.2,79.3,MO
26,86,101.9,5064.0,3914.4,109.6,11942.399,128.8,85.4,MO
26,87,108.5,5103.0,3952.0,113.6,12519.347,128.7,90.5,MO
26,88,114.6,5141.0,3984.0,118.3,13240.0,127.4,94.4,MO
26,89,118.9,5159.0,3998.0,124.0,14008.0,122.8,103.8,MO
26,90,129.1,5180.3,4014.5,130.7,14956.0,119.1,115.6,MO
26,91,132.5,5221.8,4031.8,136.2,15331.0,119.9,120.5,MO
26,92,153.1,5257.2,4062.4,140.3,16742.0,122.3,135.8,MO
27,63,30.5,701.0,461.6,30.6,2079.7832,118.9,26.2,MT
27,64,30.8,703.0,465.5,31.0,2136.721,112.8,26.2,MT
27,65,31.0,703.0,467.4,31.5,2292.006,118.0,26.1,MT
27,66,30.9,703.0,471.2,32.4,2446.2556,114.9,26.5,MT
27,67,31.3,699.0,472.2,33.4,2514.581,118.0,27.4,MT
27,68,32.4,696.0,475.1,34.8,2639.8442,116.1,32.0,MT
27,69,32.6,694.0,471.2,36.7,2789.9531,117.4,31.9,MT
27,70,34.0,694.0,482.8,38.8,3091.206,111.2,33.8,MT
27,71,34.7,710.0,501.1,40.5,3224.751,115.6,33.6,MT
27,72,40.1,718.0,511.7,41.8,3686.4648,122.2,33.7,MT
27,73,40.9,726.0,523.3,44.4,4281.724,119.9,34.4,MT
27,74,41.8,735.0,534.8,49.3,4548.814,121.9,35.8,MT
27,75,43.7,747.0,548.3,53.8,4888.3706,123.7,38.6,MT
27,76,45.3,756.0,559.9,56.9,5151.32,124.9,42.5,MT
27,77,47.6,768.0,572.4,60.6,5470.1714,127.0,43.4,MT
27,78,51.9,780.0,584.9,65.2,6344.9434,127.2,49.8,MT
27,79,53.7,786.0,591.7,72.6,6767.3184,120.3,51.7,MT
27,80,56.7,787.0,590.7,82.4,7466.101,122.0,55.3,MT
27,81,60.4,793.0,593.6,90.9,8322.238,121.1,55.9,MT
27,82,65.7,801.0,599.4,96.5,8779.812,122.4,64.3,MT
27,83,77.2,817.0,611.0,99.6,8956.837,113.7,71.0,MT
27,84,91.3,824.0,616.7,103.9,9446.502,110.1,81.7,MT
27,85,95.5,825.0,618.7,107.6,9765.354,103.6,87.4,MT
27,86,102.0,817.0,614.8,109.6,10476.559,97.8,97.8,MT
27,87,106.2,809.0,610.0,113.6,10846.137,91.7,102.7,MT
27,88,115.3,805.0,608.0,118.3,11371.0,87.1,112.9,MT
27,89,123.0,806.0,610.0,124.0,12390.0,86.2,118.6,MT
27,90,140.4,805.0,609.2,130.7,13318.0,84.7,129.5,MT
27,91,143.6,814.1,618.4,136.2,14079.0,82.9,127.0,MT
27,92,163.5,830.2,632.6,140.3,15490.0,86.6,155.1,MT
28,63,25.8,1468.0,1002.9,30.6,2055.0955,118.5,25.8,NE
28,64,27.5,1471.0,1005.8,31.0,2135.9253,106.3,25.6,NE
28,65,27.6,1459.0,1001.0,31.5,2395.5906,110.5,26.1,NE
28,66,29.6,1442.0,993.2,32.4,2588.5715,106.1,26.2,NE
28,67,31.4,1443.0,1000.0,33.4,2670.4116,110.0,27.4,NE
28,68,33.2,1453.0,1016.5,34.8,2801.76,109.5,29.2,NE
28,69,32.9,1449.0,1018.4,36.7,3106.892,108.4,29.9,NE
28,70,33.9,1483.0,1059.1,38.8,3295.8315,108.1,34.1,NE
28,71,34.7,1505.0,1084.3,40.5,3540.3416,108.6,34.4,NE
28,72,41.1,1520.0,1104.7,41.8,3919.2307,104.9,34.4,NE
28,73,41.2,1531.0,1123.1,44.4,4689.134,106.6,34.4,NE
28,74,42.0,1541.0,1141.5,49.3,4679.0303,110.5,35.8,NE
28,75,44.6,1546.0,1155.0,53.8,5349.917,114.1,38.6,NE
28,76,46.8,1555.0,1171.5,56.9,5448.933,118.1,42.6,NE
28,77,48.1,1561.0,1184.1,60.6,5813.6772,117.7,43.4,NE
28,78,53.6,1569.0,1197.7,65.2,6579.539,117.4,49.8,NE
28,79,55.4,1574.0,1205.4,72.6,7449.4688,116.1,51.7,NE
28,80,59.5,1570.0,1194.8,82.4,7640.4287,116.3,55.3,NE
28,81,60.9,1577.0,1199.6,90.9,8947.85,117.0,55.9,NE
28,82,69.7,1586.0,1205.4,96.5,9097.385,117.1,64.3,NE
28,83,83.7,1597.0,1212.2,99.6,9525.782,110.8,71.0,NE
28,84,94.8,1606.0,1220.9,103.9,10599.807,107.7,81.7,NE
28,85,95.8,1604.0,1221.9,107.6,11166.625,105.1,87.4,NE
28,86,104.0,1598.0,1220.0,109.6,11542.483,103.1,97.8,NE
28,87,113.7,1594.0,1219.0,113.6,11983.005,101.3,102.7,NE
28,88,123.3,1602.0,1227.0,118.3,12567.0,92.9,112.9,NE
28,89,139.3,1611.0,1232.0,124.0,13268.0,93.8,118.6,NE
28,90,143.4,1614.1,1234.3,130.7,15153.0,89.9,129.1,NE
28,91,152.2,1629.4,1244.7,136.2,15466.0,92.4,127.0,NE
28,92,169.5,1642.7,1255.1,140.3,16992.0,90.6,153.1,NE
29,63,29.9,391.0,263.2,30.6,2836.837,212.7,23.9,NV
29,64,29.5,418.0,280.6,31.0,2919.303,206.3,24.0,NV
29,65,29.7,434.0,289.3,31.5,3016.0632,192.7,24.2,NV
29,66,29.9,435.0,287.3,32.4,3160.1042,184.0,25.5,NV
29,67,30.2,436.0,287.3,33.4,3332.7334,175.8,26.0,NV
29,68,32.8,449.0,296.0,34.8,3639.5078,189.7,31.3,NV
29,69,33.3,457.0,302.8,36.7,3897.9019,198.6,31.9,NV
29,70,38.9,488.0,341.3,38.8,4377.305,189.5,33.8,NV
29,71,44.0,514.0,361.6,40.5,4597.215,190.5,33.6,NV
29,72,40.6,535.0,380.9,41.8,4786.3374,198.6,33.7,NV
29,73,40.3,551.0,395.3,44.4,5256.9443,201.5,36.3,NV
29,74,41.9,573.0,414.6,49.3,5525.2344,204.7,37.8,NV
29,75,44.5,590.0,431.0,53.8,6103.597,205.2,40.3,NV
29,76,44.9,610.0,450.3,56.9,6572.0054,201.4,42.5,NV
29,77,49.3,634.0,472.5,60.6,7269.1196,190.8,44.7,NV
29,78,54.3,666.0,500.4,65.2,8207.035,187.0,49.5,NV
29,79,57.1,702.0,530.3,72.6,9016.303,183.3,53.7,NV
29,80,63.1,799.0,616.2,82.4,9886.047,177.7,56.4,NV
29,81,63.3,845.0,651.8,90.9,10682.12,171.9,59.2,NV
29,82,71.6,881.0,680.8,96.5,10913.025,165.1,67.6,NV
29,83,81.9,891.0,689.4,99.6,11571.655,159.2,76.5,NV
29,84,99.8,911.0,706.8,103.9,12056.557,136.6,88.5,NV
29,85,109.3,940.0,729.0,107.6,12701.992,146.7,97.6,NV
29,86,106.6,967.0,751.1,109.6,13280.3545,142.6,99.9,NV
29,87,114.0,1007.0,782.0,113.6,13991.763,147.7,103.9,NV
29,88,129.6,1054.0,816.0,118.3,15121.0,141.9,113.5,NV
29,89,145.6,1111.0,860.0,124.0,16295.0,137.9,125.6,NV
29,90,173.7,1174.5,909.2,130.7,16142.0,137.3,130.2,NV
29,91,186.3,1254.6,965.6,136.2,16382.0,115.5,144.4,NV
29,92,193.8,1296.7,993.9,140.3,17711.0,110.0,165.7,NV
30,63,24.2,646.0,446.2,30.6,2320.2444,221.4,26.7,NH
30,64,24.7,659.0,454.9,31.0,2487.4187,223.9,26.8,NH
30,65,24.7,673.0,465.5,31.5,2632.1536,233.8,27.2,NH
30,66,25.9,676.0,468.4,32.4,2845.3289,287.6,29.6,NH
30,67,26.5,691.0,480.0,33.4,3025.9668,297.9,30.3,NH
30,68,29.9,703.0,489.6,34.8,3259.3376,264.0,32.0,NH
30,69,29.9,717.0,505.0,36.7,3493.8303,248.5,33.4,NH
30,70,31.4,737.0,517.6,38.8,3659.8828,265.7,37.7,NH
30,71,34.1,759.0,537.8,40.5,3880.9119,278.0,38.8,NH
30,72,36.1,775.0,554.2,41.8,4114.2827,296.2,40.0,NH
30,73,36.9,793.0,571.5,44.4,4600.0977,279.0,39.8,NH
30,74,37.9,805.0,586.9,49.3,4961.374,269.8,41.3,NH
30,75,40.8,815.0,599.5,53.8,5317.04,269.1,41.8,NH
30,76,43.9,829.0,615.9,56.9,5830.9043,290.5,47.1,NH
30,77,45.0,850.0,638.0,60.6,6362.7207,278.8,47.0,NH
30,78,49.7,869.0,658.3,65.2,7041.5156,269.6,52.5,NH
30,79,53.2,887.0,676.6,72.6,7863.9233,254.6,54.5,NH
30,80,55.3,921.0,702.6,82.4,8721.112,247.8,58.9,NH
30,81,58.4,936.0,719.0,90.9,9604.106,245.4,61.0,NH
30,82,67.0,951.0,733.4,96.5,10404.075,239.8,66.8,NH
30,83,74.7,959.0,742.1,99.6,11282.581,232.9,77.0,NH
30,84,90.5,977.0,760.4,103.9,12609.878,215.1,90.6,NH
30,85,89.2,998.0,778.7,107.6,13589.362,201.1,95.5,NH
30,86,100.0,1027.0,802.8,109.6,14550.895,195.9,104.9,NH
30,87,102.0,1057.0,825.0,113.6,15902.875,195.1,113.8,NH
30,88,113.5,1085.0,843.0,118.3,17201.0,180.4,123.7,NH
30,89,125.9,1107.0,858.0,124.0,17829.0,172.9,129.7,NH
30,90,135.9,1111.0,861.1,130.7,18475.0,152.4,143.7,NH
30,91,153.9,1107.0,855.1,136.2,18710.0,144.8,150.1,NH
30,92,164.4,1113.0,965.5,140.3,20889.0,143.7,168.0,NH
31,63,28.8,6542.0,4606.4,30.6,2856.5117,141.4,26.2,NJ
31,64,30.0,6680.0,4702.4,31.0,3057.5662,135.6,26.9,NJ
31,65,30.0,6781.0,4773.3,31.5,3219.0688,138.0,26.5,NJ
31,66,30.1,6911.0,4877.1,32.4,3436.6033,144.9,29.8,NJ
31,67,34.2,6981.0,4945.0,33.4,3633.2632,131.1,30.1,NJ
31,68,34.5,7070.0,5037.2,34.8,3909.0264,130.2,32.0,NJ
31,69,38.6,7148.0,5163.3,36.7,4139.7446,121.2,32.2,NJ
31,70,41.0,7168.0,5153.6,38.8,4505.5977,120.7,38.4,NJ
31,71,41.7,7273.0,5275.8,40.5,4830.801,125.1,41.3,NJ
31,72,42.1,7322.0,5359.2,41.8,5094.4785,128.4,42.7,NJ
31,73,48.9,7316.0,5402.9,44.4,5593.2695,120.2,44.0,NJ
31,74,50.2,7312.0,5450.4,49.3,6039.3247,121.4,44.2,NJ
31,75,52.8,7313.0,5503.8,53.8,6568.8784,122.3,45.9,NJ
31,76,53.6,7312.0,5554.3,56.9,7036.9067,122.4,50.1,NJ
31,77,56.9,7306.0,5596.9,60.6,7551.0786,122.8,51.7,NJ
31,78,61.9,7316.0,5649.3,65.2,8326.731,123.9,57.4,NJ
31,79,63.5,7332.0,5702.7,72.6,9119.963,123.8,60.0,NJ
31,80,66.4,7364.0,6708.8,82.4,10118.644,124.3,61.3,NJ
31,81,68.7,7404.0,5804.6,90.9,11177.75,127.9,64.8,NJ
31,82,76.2,7438.0,5852.1,96.5,12130.287,126.3,69.8,NJ
31,83,92.1,7468.0,5898.7,99.6,13182.802,121.3,81.7,NJ
31,84,101.1,7515.0,5957.8,103.9,14383.635,117.8,91.1,NJ
31,85,104.7,7568.0,6014.1,107.6,15321.89,116.9,98.7,NJ
31,86,114.5,7625.0,6075.2,109.6,16133.798,115.5,104.9,NJ
31,87,119.6,7672.0,6083.0,113.6,17317.053,111.6,110.0,NJ
31,88,131.8,7721.0,6119.0,118.3,18998.0,107.8,112.3,NJ
31,89,139.5,7736.0,6112.0,124.0,20218.0,103.0,122.8,NJ
31,90,149.3,7740.0,6115.2,130.7,21328.0,98.6,133.7,NJ
31,91,180.4,7770.0,6100.2,136.2,21884.0,86.7,143.2,NJ
31,92,191.1,7799.1,6104.2,140.3,23074.0,86.6,174.7,NJ
32,63,30.1,990.0,609.3,30.6,1834.6918,92.5,23.9,NM
32,64,30.2,1008.0,621.9,31.0,1931.034,89.9,24.0,NM
32,65,30.2,1014.0,629.6,31.5,2031.5651,96.3,24.2,NM
32,66,30.4,1009.0,628.6,32.4,2156.1816,96.5,29.6,NM
32,67,31.5,1002.0,629.6,33.4,2254.6184,95.5,29.2,NM
32,68,33.7,994.0,632.5,34.8,2433.6895,99.9,31.2,NM
32,69,37.9,994.0,619.0,36.7,2563.542,87.0,33.3,NM
32,70,39.7,1016.0,675.9,38.8,2785.548,90.0,34.6,NM
32,71,41.7,1050.0,708.7,40.5,3026.4038,92.6,36.6,NM
32,72,41.1,1073.0,732.8,41.8,3286.109,99.3,37.2,NM
32,73,41.8,1097.0,758.8,44.4,3605.5044,98.9,36.5,NM
32,74,43.7,1120.0,782.9,49.3,3928.0415,100.3,37.8,NM
32,75,46.3,1146.0,810.9,53.8,4432.7915,103.1,40.5,NM
32,76,49.5,1172.0,837.9,56.9,4847.482,102.4,43.4,NM
32,77,51.6,1195.0,862.9,60.6,5266.3613,102.4,44.7,NM
32,78,56.0,1215.0,882.2,65.2,5920.8604,103.1,49.5,NM
32,79,57.6,1241.0,905.3,72.6,6555.463,101.0,53.7,NM
32,80,62.6,1303.0,951.6,82.4,7168.0737,102.7,57.2,NM
32,81,63.0,1328.0,971.9,90.9,7683.2954,103.0,62.7,NM
32,82,69.4,1359.0,994.0,96.5,8046.6733,97.5,68.1,NM
32,83,79.6,1399.0,1023.9,99.6,8546.1875,96.3,80.5,NM
32,84,90.2,1424.0,1042.3,103.9,8896.998,88.9,92.8,NM
32,85,97.5,1450.0,1061.5,107.6,9619.565,88.0,95.1,NM
32,86,101.2,1479.0,1085.6,109.6,9889.743,88.2,103.5,NM
32,87,110.2,1500.0,1103.0,113.6,10162.015,82.3,108.6,NM
32,88,113.7,1507.0,1105.0,118.3,10672.0,77.7,113.5,NM
32,89,127.2,1528.0,1120.0,124.0,11302.0,74.4,125.6,NM
32,90,133.6,1539.2,1128.2,130.7,12398.0,70.8,130.2,NM
32,91,146.9,1572.7,1150.5,136.2,12961.0,69.9,149.1,NM
32,92,165.4,1606.2,1174.8,140.3,13709.0,71.4,165.7,NM
33,63,26.2,17691.0,12524.7,30.6,2636.6313,146.9,26.8,NY
33,64,26.9,17894.0,12652.7,31.0,2827.206,141.2,27.8,NY
33,65,26.5,18106.0,12803.7,31.5,2964.378,138.5,28.1,NY
33,66,34.6,17968.0,12708.5,32.4,3141.34,122.4,29.8,NY
33,67,34.7,18023.0,12774.8,33.4,3310.9724,123.2,30.1,NY
33,68,34.5,18186.0,12935.5,34.8,3583.222,124.9,31.3,NY
33,69,38.6,18321.0,13267.4,36.7,3790.5503,122.4,32.2,NY
33,70,40.7,18241.0,13177.0,38.8,4119.3438,119.0,37.7,NY
33,71,41.7,18361.0,13348.3,40.5,4394.735,123.3,39.5,NY
33,72,42.7,18350.0,13445.4,41.8,4599.9688,119.9,40.0,NY
33,73,45.8,18196.0,13441.6,44.4,4977.977,118.7,39.8,NY
33,74,47.4,18078.0,13465.6,49.3,5387.398,121.6,41.3,NY
33,75,51.5,18041.0,13550.3,53.8,5828.233,123.9,41.8,NY
33,76,54.2,17987.0,13618.6,56.9,6193.6753,124.6,47.1,NY
33,77,53.8,17869.0,13628.2,60.6,6644.9814,125.5,47.0,NY
33,78,59.5,17746.0,13628.2,65.2,7338.1704,126.4,52.5,NY
33,79,61.1,17648.0,13640.7,72.6,8053.3486,124.4,54.8,NY
33,80,64.4,17557.0,13594.6,82.4,8929.782,127.6,58.9,NY
33,81,65.9,17602.0,13694.6,90.9,9901.504,130.1,61.0,NY
33,82,72.5,17659.0,13773.5,96.5,10556.997,128.5,66.8,NY
33,83,83.1,17667.0,13825.5,99.6,11476.362,124.6,77.0,NY
33,84,100.8,17735.0,13896.7,103.9,12574.784,119.3,90.6,NY
33,85,106.2,17762.0,13946.7,107.6,13192.581,115.9,95.5,NY
33,86,111.2,17795.0,13936.1,109.6,14042.837,114.0,104.9,NY
33,87,117.0,17825.0,14015.0,113.6,14908.8,108.9,110.0,NY
33,88,125.9,17909.0,14072.0,118.3,16269.0,106.2,112.3,NY
33,89,136.7,17950.0,14071.0,124.0,17293.0,100.1,122.8,NY
33,90,167.4,17957.0,14076.5,130.7,18178.0,93.7,133.7,NY
33,91,180.4,18024.9,14032.8,136.2,18631.0,86.4,144.1,NY
33,92,198.5,18085.8,14037.8,140.3,20021.0,82.4,168.0,NY
35,63,27.1,645.0,425.5,30.6,1850.0387,103.3,26.6,ND
35,64,28.5,650.0,430.4,31.0,1841.3757,102.0,28.5,ND
35,65,28.6,652.0,434.2,31.5,2184.0466,103.2,28.3,ND
35,66,30.2,642.0,431.3,32.4,2218.699,99.5,30.3,ND
35,67,30.5,632.0,428.4,33.4,2297.6287,96.3,30.9,ND
35,68,32.3,624.0,428.4,34.8,2430.462,97.0,32.4,ND
35,69,32.3,615.0,419.7,36.7,2672.0642,96.9,32.4,ND
35,70,37.3,617.0,431.3,38.8,2748.1064,93.8,34.0,ND
35,71,38.9,627.0,444.9,40.5,3167.7822,98.5,34.7,ND
35,72,38.9,631.0,453.6,41.8,3774.1946,103.8,39.1,ND
35,73,39.4,633.0,460.4,44.4,5650.222,108.7,39.6,ND
35,74,39.9,635.0,466.2,49.3,5191.0815,110.5,40.4,ND
35,75,42.6,640.0,475.0,53.8,5211.2954,117.9,42.8,ND
35,76,45.9,647.0,483.7,56.9,4987.9814,125.4,45.0,ND
35,77,47.4,651.0,490.5,60.6,5169.9053,122.2,46.4,ND
35,78,53.2,653.0,494.3,65.2,6271.0728,121.9,51.9,ND
35,79,55.0,657.0,499.2,72.6,6778.342,121.3,53.7,ND
35,80,59.6,653.0,492.4,82.4,6896.7363,123.7,56.7,ND
35,81,62.0,658.0,495.3,90.9,8365.602,125.7,60.4,ND
35,82,67.8,670.0,504.0,96.5,8818.005,126.8,65.7,ND
35,83,77.9,680.0,509.8,99.6,9423.454,119.6,77.2,ND
35,84,94.4,686.0,514.7,103.9,10345.586,109.4,89.8,ND
35,85,100.6,685.0,513.7,107.6,10608.364,103.2,92.3,ND
35,86,104.2,679.0,510.8,109.6,11053.066,99.8,102.0,ND
35,87,110.3,672.0,505.0,113.6,11364.936,92.3,106.2,ND
35,88,123.3,667.0,503.0,118.3,11389.0,87.1,115.3,ND
35,89,135.9,660.0,499.0,124.0,11937.0,84.1,123.0,ND
35,90,144.3,652.8,493.6,130.7,13416.0,77.1,138.9,ND
35,91,159.8,648.8,491.5,136.2,14157.0,85.2,143.6,ND
35,92,168.3,649.8,494.6,140.3,15297.0,74.4,160.0,ND
36,63,26.3,10020.0,6725.1,30.6,2242.886,130.4,24.1,OH
36,64,26.4,10124.0,6810.4,31.0,2408.6868,129.4,25.0,OH
36,65,26.4,10241.0,6920.7,31.5,2568.3843,134.8,24.5,OH
36,66,26.3,10397.0,7058.7,32.4,2759.6145,135.5,24.7,OH
36,67,27.0,10488.0,7163.2,33.4,2861.3325,136.4,25.0,OH
36,68,30.8,10610.0,7306.0,34.8,3083.0781,129.8,26.3,OH
36,69,31.5,10740.0,7424.9,36.7,3295.6692,128.8,27.0,OH
36,70,36.6,10652.0,7441.1,38.8,3476.7275,121.6,28.3,OH
36,71,38.1,10721.0,7567.7,40.5,3699.4905,124.6,30.1,OH
36,72,38.4,10725.0,7647.2,41.8,3928.3564,124.4,30.6,OH
36,73,42.0,10738.0,7730.6,44.4,4381.0024,120.5,30.6,OH
36,74,42.9,10730.0,7797.7,49.3,4774.652,122.1,31.5,OH
36,75,46.0,10727.0,7867.7,53.8,5111.339,122.5,33.3,OH
36,76,48.5,10703.0,7916.6,56.9,5601.6206,124.6,36.0,OH
36,77,49.8,10715.0,7984.6,60.6,6149.8813,127.3,36.9,OH
36,78,53.9,10732.0,8050.8,65.2,6804.947,131.3,41.4,OH
36,79,56.3,10731.0,8089.1,72.6,7502.7334,130.9,43.4,OH
36,80,58.7,10797.0,8133.2,82.4,8130.3345,133.5,46.3,OH
36,81,61.4,10781.0,8144.7,90.9,8789.469,132.8,49.4,OH
36,82,68.3,10791.0,8171.6,96.5,9259.406,134.0,56.3,OH
36,83,82.5,10746.0,8166.8,99.6,9800.547,130.0,66.4,OH
36,84,89.2,10752.0,8185.0,103.9,10736.3545,127.1,75.4,OH
36,85,92.2,10745.0,8215.6,107.6,11247.997,126.7,79.3,OH
36,86,98.1,10748.0,8255.9,109.6,11814.567,126.3,85.4,OH
36,87,102.2,10784.0,8300.0,113.6,12360.794,124.6,90.5,OH
36,88,108.4,10855.0,8375.0,118.3,13261.0,122.4,94.4,OH
36,89,120.5,10907.0,8407.0,124.0,13994.0,118.6,103.8,OH
36,90,135.4,10925.1,8421.0,130.7,15025.0,115.5,115.6,OH
36,91,139.8,11017.8,8492.6,136.2,15396.0,113.2,120.5,OH
36,92,159.6,11095.3,8569.2,140.3,16359.0,112.3,135.8,OH
37,63,28.4,2450.0,1723.2,30.6,1789.5685,113.4,25.8,OK
37,64,28.8,2461.0,1733.9,31.0,1929.5062,111.5,25.6,OK
37,65,28.8,2448.0,1731.0,31.5,2085.787,115.6,26.1,OK
37,66,30.4,2478.0,1762.1,32.4,2201.2102,115.9,26.2,OK
37,67,30.7,2516.0,1803.0,33.4,2362.5981,117.9,27.5,OK
37,68,31.2,2542.0,1833.2,34.8,2548.5007,113.0,29.2,OK
37,69,36.9,2568.0,1871.2,36.7,2701.7173,108.7,29.9,OK
37,70,38.4,2559.0,1871.2,38.8,2959.121,108.4,34.2,OK
37,71,39.8,2607.0,1919.9,40.5,3130.7234,115.4,36.8,OK
37,72,39.8,2639.0,1955.0,41.8,3315.6047,121.7,37.7,OK
37,73,40.4,2667.0,1990.1,44.4,3819.1763,124.1,37.7,OK
37,74,41.0,2697.0,2026.1,49.3,4160.3384,130.5,38.0,OK
37,75,43.6,2728.0,2061.2,53.8,4616.9233,132.9,42.7,OK
37,76,46.4,2771.0,2107.9,56.9,5047.972,138.6,44.7,OK
37,77,47.9,2805.0,2143.0,60.6,5551.544,140.4,45.9,OK
37,78,53.1,2843.0,2179.0,65.2,6248.168,143.6,49.9,OK
37,79,55.5,2892.0,2221.9,72.6,7113.3306,141.6,52.2,OK
37,80,62.9,3025.0,2316.4,82.4,7889.6274,141.6,57.3,OK
37,81,65.8,3100.0,2370.0,90.9,8826.291,143.7,59.8,OK
37,82,71.7,3177.0,2424.5,96.5,9376.849,147.0,64.7,OK
37,83,83.9,3298.0,2508.3,99.6,9553.559,140.0,74.8,OK
37,84,93.3,3298.0,2510.2,103.9,10029.551,128.1,84.8,OK
37,85,95.1,3316.0,2507.3,107.6,9973.372,124.2,93.7,OK
37,86,104.6,3306.0,2509.2,109.6,10159.274,119.9,101.2,OK
37,87,114.4,3272.0,2481.0,113.6,10359.478,113.1,108.5,OK
37,88,122.6,3242.0,2458.0,118.3,10956.0,103.6,113.7,OK
37,89,133.4,3224.0,2464.0,124.0,11591.0,97.5,118.9,OK
37,90,146.1,3219.9,2460.9,130.7,12579.0,88.4,129.1,OK
37,91,149.1,3249.6,2483.4,136.2,12951.0,87.8,132.5,OK
37,92,170.6,3287.5,2511.2,140.3,14344.0,86.3,153.1,OK
39,63,26.8,11408.0,7991.7,30.6,2188.3647,128.3,26.2,PA
39,64,29.7,11505.0,8068.8,31.0,2344.455,117.4,26.4,PA
39,65,29.8,11583.0,8149.8,31.5,2484.006,120.4,26.4,PA
39,66,29.8,11657.0,8238.5,32.4,2655.602,122.9,26.3,PA
39,67,30.1,11672.0,8294.4,33.4,2837.535,125.5,27.0,PA
39,68,36.4,11750.0,8412.9,34.8,3033.94,117.1,30.8,PA
39,69,36.5,11803.0,8563.3,36.7,3255.154,114.7,30.7,PA
39,70,38.4,11793.0,8525.7,38.8,3494.9749,107.3,32.6,PA
39,71,44.7,11864.0,8658.7,40.5,3701.7168,106.3,34.2,PA
39,72,44.7,11871.0,8742.6,41.8,3929.133,109.0,34.3,PA
39,73,44.9,11840.0,8800.4,44.4,4359.1567,110.7,35.3,PA
39,74,46.6,11807.0,8853.4,49.3,4777.8096,114.2,35.8,PA
39,75,49.8,11829.0,8945.0,53.8,5227.473,114.6,39.5,PA
39,76,52.3,11807.0,8999.9,56.9,5680.2383,118.8,46.1,PA
39,77,53.3,11791.0,9052.0,60.6,6157.8125,120.1,48.9,PA
39,78,57.4,11763.0,9091.5,65.2,6741.859,122.3,52.1,PA
39,79,60.6,11731.0,9118.5,72.6,7483.0293,122.6,56.2,PA
39,80,61.3,11864.0,9230.3,82.4,8231.436,124.0,58.1,PA
39,81,64.8,11871.0,9275.6,90.9,9035.662,125.2,61.4,PA
39,82,69.8,11865.0,9292.0,96.5,9616.607,123.3,65.4,PA
39,83,81.7,11895.0,9341.2,99.6,10151.036,125.3,74.9,PA
39,84,97.7,11901.0,9367.2,103.9,10842.588,115.3,84.2,PA
39,85,100.1,11864.0,9370.1,107.6,11532.073,115.8,90.1,PA
39,86,104.9,11894.0,9412.5,109.6,12193.647,113.9,93.3,PA
39,87,110.0,11936.0,9452.0,113.6,12911.043,100.6,100.3,PA
39,88,112.3,12001.0,9507.0,118.3,13891.0,107.6,108.4,PA
39,89,122.8,12040.0,9525.0,124.0,14811.0,107.1,120.2,PA
39,90,133.7,12056.2,9537.8,130.7,16136.0,101.3,131.5,PA
39,91,144.1,12136.4,9579.5,136.2,16609.0,102.5,139.8,PA
39,92,176.2,12185.1,9612.0,140.3,17658.0,96.2,158.2,PA
40,63,27.0,877.0,615.5,30.6,2227.727,144.6,26.8,RI
40,64,27.3,884.0,621.3,31.0,2363.677,140.3,27.8,RI
40,65,29.8,891.0,629.0,31.5,2514.0461,133.2,28.1,RI
40,66,30.0,898.0,635.8,32.4,2708.702,140.2,30.1,RI
40,67,31.0,901.0,637.7,33.4,2905.4175,144.5,31.1,RI
40,68,32.1,908.0,648.3,34.8,3077.4148,142.9,31.3,RI
40,69,38.4,911.0,658.9,36.7,3265.891,117.8,32.2,RI
40,70,39.3,949.0,689.7,38.8,3505.8635,123.9,39.6,RI
40,71,40.2,960.0,701.3,40.5,3659.3223,123.2,41.0,RI
40,72,41.6,969.0,713.8,41.8,3906.5042,134.4,46.0,RI
40,73,40.6,967.0,718.6,44.4,4212.3916,142.0,46.0,RI
40,74,41.3,940.0,700.3,49.3,4598.614,146.1,46.3,RI
40,75,44.3,930.0,699.3,53.8,5066.199,154.7,49.4,RI
40,76,52.2,931.0,707.0,56.9,5481.259,150.2,57.4,RI
40,77,52.3,933.0,714.8,60.6,5987.982,148.8,57.3,RI
40,78,56.3,932.0,719.6,65.2,6546.201,146.8,61.7,RI
40,79,58.7,929.0,723.4,72.6,7211.532,145.8,64.4,RI
40,80,60.0,947.0,741.7,82.4,8033.412,149.3,67.0,RI
40,81,64.5,953.0,751.4,90.9,8821.305,151.2,70.8,RI
40,82,71.6,958.0,757.1,96.5,9456.769,146.3,78.1,RI
40,83,84.0,955.0,758.1,99.6,10332.204,135.8,88.7,RI
40,84,94.8,962.0,763.9,103.9,11243.6875,136.9,101.4,RI
40,85,100.3,967.0,770.6,107.6,11830.744,133.4,108.3,RI
40,86,101.8,975.0,778.3,109.6,12449.7295,136.3,115.0,RI
40,87,113.5,986.0,787.0,113.6,13229.382,124.4,120.4,RI
40,88,121.5,993.0,791.0,118.3,14352.0,138.0,129.7,RI
40,89,134.8,998.0,793.0,124.0,15189.0,120.8,142.0,RI
40,90,150.9,1000.0,794.6,130.7,15870.0,101.4,152.4,RI
40,91,170.3,1001.0,790.6,136.2,16024.0,103.6,163.3,RI
40,92,190.0,1002.0,787.6,140.3,17863.0,100.1,175.9,RI
41,63,27.3,2498.0,1608.3,30.6,1498.1478,88.2,26.9,SC
41,64,26.5,2528.0,1638.8,31.0,1619.3141,89.7,27.5,SC
41,65,26.2,2550.0,1663.6,31.5,1769.2314,90.1,30.9,SC
41,66,26.2,2607.0,1718.0,32.4,1946.8734,93.4,30.6,SC
41,67,27.3,2638.0,1750.5,33.4,2086.5225,95.1,31.5,SC
41,68,29.5,2669.0,1792.5,34.8,2269.2986,95.7,33.3,SC
41,69,29.0,2692.0,1788.7,36.7,2466.4504,104.2,34.2,SC
41,70,32.5,2590.0,1774.3,38.8,2688.246,103.6,34.3,SC
41,71,34.3,2642.0,1828.7,40.5,2863.8345,115.0,35.8,SC
41,72,34.1,2682.0,1870.7,41.8,3087.6838,118.7,40.9,SC
41,73,33.5,2723.0,1911.8,44.4,3473.7725,125.5,42.4,SC
41,74,35.2,2774.0,1965.2,49.3,3823.9224,129.7,42.4,SC
41,75,38.1,2813.0,2010.1,53.8,4115.5425,130.5,44.5,SC
41,76,41.0,2838.0,2043.5,56.9,4468.773,136.8,47.9,SC
41,77,42.2,2868.0,2079.8,60.6,4848.7007,137.2,49.5,SC
41,78,49.2,2902.0,2118.9,65.2,5327.204,140.4,54.7,SC
41,79,50.2,2932.0,2151.4,72.6,5820.0835,135.7,56.6,SC
41,80,52.3,3122.0,2308.8,82.4,6345.822,138.3,59.3,SC
41,81,54.7,3167.0,2351.8,90.9,6978.35,136.1,62.6,SC
41,82,61.9,3203.0,2383.3,96.5,7441.451,136.0,67.8,SC
41,83,72.4,3264.0,2437.7,99.6,8005.182,131.1,78.9,SC
41,84,81.3,3300.0,2477.8,103.9,8794.815,127.0,86.8,SC
41,85,83.0,3334.0,2515.0,107.6,9215.817,125.4,90.7,SC
41,86,88.7,3381.0,2558.0,109.6,9728.206,126.6,100.1,SC
41,87,95.3,3425.0,2599.0,113.6,10317.607,126.6,103.9,SC
41,88,99.9,3470.0,2636.0,118.3,11098.0,124.4,109.2,SC
41,89,111.9,3512.0,2667.0,124.0,11665.0,122.4,122.4,SC
41,90,125.2,3542.5,2690.1,130.7,12880.0,118.6,132.3,SC
41,91,129.0,3616.6,2744.6,136.2,13166.0,121.5,138.2,SC
41,92,151.9,3660.3,2780.8,140.3,14318.0,121.9,159.5,SC
42,63,26.6,707.0,470.7,30.6,1780.9508,106.0,25.8,SD
42,64,28.5,700.0,467.8,31.0,1785.931,99.4,26.2,SD
42,65,28.3,686.0,460.9,31.5,2051.8784,98.7,26.1,SD
42,66,30.5,680.0,459.0,32.4,2241.1294,98.8,26.5,SD
42,67,31.3,668.0,455.1,33.4,2310.8533,99.6,27.4,SD
42,68,32.7,665.0,459.0,34.8,2460.262,100.4,32.3,SD
42,69,32.4,659.0,453.1,36.7,2609.6707,102.5,32.3,SD
42,70,38.5,666.0,470.7,38.8,2819.8386,92.7,33.9,SD
42,71,38.5,671.0,481.4,40.5,3083.794,96.7,34.4,SD
42,72,39.1,677.0,491.1,41.8,3536.0042,103.0,34.4,SD
42,73,39.6,679.0,497.0,44.4,4566.9233,103.5,34.4,SD
42,74,40.4,680.0,502.8,49.3,4404.566,108.4,35.8,SD
42,75,42.8,682.0,507.7,53.8,4611.746,113.5,38.6,SD
42,76,45.0,687.0,516.5,56.9,4516.1245,116.7,42.6,SD
42,77,46.4,690.0,521.4,60.6,5246.235,115.6,43.4,SD
42,78,53.2,690.0,524.3,65.2,5945.4673,116.9,49.8,SD
42,79,54.1,689.0,524.3,72.6,6671.593,117.4,51.7,SD
42,80,58.8,691.0,523.3,82.4,6793.112,114.7,55.3,SD
42,81,62.3,686.0,518.4,90.9,7773.2324,115.7,55.9,SD
42,82,68.0,691.0,521.4,96.5,8012.286,113.0,64.3,SD
42,83,78.8,700.0,525.3,99.6,8478.441,109.8,71.0,SD
42,84,89.8,706.0,530.1,103.9,9333.059,105.7,81.7,SD
42,85,92.3,708.0,532.1,107.6,9821.127,104.4,87.4,SD
42,86,108.5,708.0,534.0,109.6,10482.509,97.0,97.8,SD
42,87,113.7,709.0,535.0,113.6,10974.562,95.8,102.7,SD
42,88,124.7,713.0,538.0,118.3,11369.0,91.9,112.9,SD
42,89,130.1,715.0,539.0,124.0,12335.0,87.4,118.6,SD
42,90,138.9,714.0,538.2,130.7,14308.0,88.3,129.5,SD
42,91,150.3,721.2,544.5,136.2,14831.0,91.8,127.0,SD
42,92,160.0,729.4,549.7,140.3,15082.0,93.0,155.1,SD
43,63,26.1,3742.0,2548.0,30.6,1676.959,110.3,24.1,TN
43,64,29.0,3805.0,2598.9,31.0,1797.1898,105.5,25.0,TN
43,65,28.9,3850.0,2639.2,31.5,1940.4214,108.1,24.5,TN
43,66,29.5,3878.0,2674.7,32.4,2107.699,109.9,24.7,TN
43,67,29.6,3936.0,2730.4,33.4,2239.4302,111.5,25.0,TN
43,68,32.6,3952.0,2763.9,34.8,2448.5273,109.2,26.3,TN
43,69,32.8,3985.0,2808.1,36.7,2626.26,107.3,27.0,TN
43,70,39.9,3924.0,2788.9,38.8,2825.9478,99.8,28.3,TN
43,71,41.6,3991.0,2859.0,40.5,3058.0454,106.3,30.1,TN
43,72,41.6,4054.0,2923.3,41.8,3350.7815,111.5,29.9,TN
43,73,40.8,4089.0,2972.2,44.4,3753.2935,109.7,30.1,TN
43,74,42.5,4137.0,3030.7,49.3,4088.8943,114.8,31.3,TN
43,75,45.3,4180.0,3085.4,53.8,4397.3125,117.4,33.3,TN
43,76,48.3,4233.0,3147.8,56.9,4805.052,121.7,36.0,TN
43,77,49.6,4289.0,3212.1,60.6,5222.2007,124.6,36.9,TN
43,78,54.8,4333.0,3261.1,65.2,5800.3545,127.3,41.4,TN
43,79,57.3,4380.0,3317.7,72.6,6399.4175,127.2,43.4,TN
43,80,60.3,4591.0,3476.0,82.4,6868.841,130.4,46.3,TN
43,81,63.7,4612.0,3503.9,90.9,7577.6797,129.1,49.4,TN
43,82,68.3,4651.0,3545.1,96.5,8047.103,131.4,56.3,TN
43,83,79.1,4685.0,3582.6,99.6,8501.89,129.0,66.4,TN
43,84,88.3,4717.0,3621.9,103.9,9367.552,125.1,75.4,TN
43,85,92.5,4766.0,3668.9,107.6,9810.837,128.7,79.3,TN
43,86,98.8,4800.0,3709.3,109.6,10592.86,129.0,85.4,TN
43,87,103.5,4855.0,3763.0,113.6,11367.565,130.6,90.5,TN
43,88,112.1,4895.0,3798.0,118.3,12228.0,125.3,94.4,TN
43,89,121.5,4940.0,3832.0,124.0,12854.0,124.7,103.8,TN
43,90,135.0,4963.4,3850.2,130.7,13857.0,121.8,115.6,TN
43,91,137.4,5040.8,3912.0,136.2,14328.0,120.6,120.5,TN
43,92,163.9,5113.0,3967.7,140.3,15820.0,121.0,135.8,TN
44,63,29.5,10257.0,6807.7,30.6,1896.9265,113.4,27.0,TX
44,64,29.7,10401.0,6910.9,31.0,2043.8788,110.7,27.3,TX
44,65,29.5,10591.0,7067.3,31.5,2179.4475,120.5,27.2,TX
44,66,33.8,10714.0,7190.8,32.4,2331.5742,106.1,30.0,TX
44,67,34.4,10858.0,7333.6,33.4,2530.2703,109.0,30.4,TX
44,68,34.9,11013.0,7495.8,34.8,2721.7222,108.4,30.9,TX
44,69,34.4,11187.0,7606.7,36.7,2928.6973,111.3,30.9,TX
44,70,40.4,11196.0,7817.1,38.8,3185.3462,106.4,34.3,TX
44,71,42.0,11445.0,8056.5,40.5,3350.9263,108.9,38.8,TX
44,72,46.9,11644.0,8261.1,41.8,3570.3198,108.6,39.8,TX
44,73,46.4,11853.0,8474.4,44.4,4029.8044,110.4,39.9,TX
44,74,47.5,12049.0,8682.8,49.3,4427.197,114.7,41.0,TX
44,75,50.6,12293.0,8926.0,53.8,4954.983,116.0,43.6,TX
44,76,53.3,12571.0,9194.3,56.9,5447.584,121.4,46.4,TX
44,77,53.3,12801.0,9419.2,60.6,5970.196,124.2,47.9,TX
44,78,59.1,13047.0,9646.0,65.2,6739.108,126.6,53.1,TX
44,79,62.2,13380.0,9924.9,72.6,7525.6133,126.4,55.5,TX
44,80,63.7,14228.0,10564.7,82.4,8363.862,129.7,60.0,TX
44,81,66.9,14766.0,10960.4,90.9,9404.947,129.0,62.6,TX
44,82,73.8,15280.0,11331.9,96.5,9983.442,131.2,69.4,TX
44,83,84.1,15724.0,11655.2,99.6,10367.381,126.4,79.6,TX
44,84,93.8,15989.0,11856.9,103.9,11138.363,117.2,90.2,TX
44,85,102.1,16389.0,12077.0,107.6,11755.148,115.9,95.1,TX
44,86,105.5,16689.0,12300.9,109.6,11910.38,113.7,101.2,TX
44,87,114.4,16789.0,12353.0,113.6,12184.622,105.8,110.2,TX
44,88,128.0,16841.0,12390.0,118.3,12908.0,96.5,113.7,TX
44,89,137.0,16991.0,12545.0,124.0,13687.0,94.5,127.2,TX
44,90,145.7,17173.0,12679.4,130.7,14590.0,85.6,133.6,TX
44,91,173.6,17538.9,12913.8,136.2,15187.0,79.6,146.5,TX
44,92,186.0,17849.3,13123.2,140.3,15965.0,77.2,165.4,TX
45,63,24.9,973.0,592.0,30.6,2060.7058,72.0,23.9,UT
45,64,29.4,977.0,594.8,31.0,2181.1711,62.3,24.0,UT
45,65,29.7,994.0,609.9,31.5,2282.4475,65.0,24.2,UT
45,66,30.8,1010.0,624.9,32.4,2365.6006,65.7,26.5,UT
45,67,31.5,1022.0,637.1,33.4,2454.084,64.3,27.4,UT
45,68,32.3,1031.0,649.4,34.8,2573.4834,64.3,31.3,UT
45,69,33.3,1045.0,644.7,36.7,2706.7417,65.6,31.9,UT
45,70,34.6,1059.0,686.9,38.8,2975.3904,65.5,33.8,UT
45,71,36.6,1094.0,716.1,40.5,3192.868,67.7,33.6,UT
45,72,37.2,1123.0,740.5,41.8,3449.7898,71.3,33.7,UT
45,73,36.5,1152.0,764.9,44.4,3757.8828,72.7,34.4,UT
45,74,37.8,1177.0,784.7,49.3,4094.7598,75.6,35.8,UT
45,75,40.5,1206.0,806.3,53.8,4488.138,75.8,38.6,UT
45,76,43.4,1239.0,828.8,56.9,4868.7236,77.9,42.5,UT
45,77,44.7,1276.0,852.3,60.6,5311.141,78.0,43.4,UT
45,78,49.5,1317.0,875.8,65.2,5899.6094,79.6,49.8,UT
45,79,53.7,1367.0,904.0,72.6,6426.246,79.1,51.7,UT
45,80,57.2,1461.0,961.3,82.4,6981.6665,74.8,55.3,UT
45,81,62.7,1518.0,991.4,90.9,7545.6157,77.6,55.9,UT
45,82,68.1,1554.0,1009.3,96.5,7796.141,73.6,64.3,UT
45,83,82.0,1619.0,1045.9,99.6,8251.352,69.0,71.0,UT
45,84,95.3,1652.0,1065.7,103.9,8831.291,66.3,81.7,UT
45,85,104.6,1644.0,1081.6,107.6,9230.0,66.5,87.4,UT
45,86,103.5,1664.0,1099.5,109.6,9647.897,64.4,97.8,UT
45,87,108.6,1680.0,1107.0,113.6,10035.946,67.7,102.7,UT
45,88,122.9,1690.0,1116.0,118.3,10650.0,55.0,112.9,UT
45,89,135.6,1707.0,1131.0,124.0,11425.0,57.0,118.6,UT
45,90,151.9,1724.0,1142.3,130.7,12012.0,53.4,129.5,UT
45,91,167.1,1771.0,1178.9,136.2,12492.0,53.5,127.0,UT
45,92,170.1,1814.1,1214.5,140.3,13355.0,55.0,155.1,UT
46,63,28.2,397.0,269.5,30.6,2042.5027,133.5,24.2,VT
46,64,29.3,399.0,272.4,31.0,2188.8008,129.1,24.7,VT
46,65,29.4,404.0,276.3,31.5,2400.8762,122.9,24.7,VT
46,66,32.5,410.0,282.0,32.4,2634.4995,130.4,25.9,VT
46,67,31.8,420.0,289.8,33.4,2786.468,127.4,26.5,VT
46,68,33.9,429.0,298.5,34.8,2990.605,128.8,29.9,VT
46,69,34.2,439.0,307.2,36.7,3161.853,134.6,29.9,VT
46,70,37.7,444.0,311.0,38.8,3393.2083,122.6,31.4,VT
46,71,39.5,453.0,319.7,40.5,3668.793,124.4,34.1,VT
46,72,40.0,460.0,327.4,41.8,3778.8,138.0,36.1,VT
46,73,39.8,464.0,333.2,44.4,4167.7944,146.8,36.9,VT
46,74,41.3,468.0,339.0,49.3,4485.3403,151.8,37.9,VT
46,75,41.8,473.0,346.8,53.8,4816.4956,155.5,40.8,VT
46,76,47.1,477.0,353.5,56.9,5304.1562,171.1,43.9,VT
46,77,47.0,483.0,360.3,60.6,5630.775,169.4,45.0,VT
46,78,52.5,487.0,367.0,65.2,6338.449,162.4,49.7,VT
46,79,54.8,493.0,373.8,72.6,6920.2397,160.9,53.2,VT
46,80,58.9,511.0,390.2,82.4,7519.041,161.6,55.3,VT
46,81,61.0,516.0,395.1,90.9,8392.293,163.8,58.4,VT
46,82,66.8,516.0,396.0,96.5,9596.7,162.3,67.0,VT
46,83,77.0,525.0,404.7,99.6,9335.859,153.8,74.7,VT
46,84,90.6,530.0,407.6,103.9,10134.261,144.3,90.5,VT
46,85,95.5,535.0,413.4,107.6,10719.453,144.5,89.2,VT
46,86,104.9,541.0,419.2,109.6,11288.769,131.2,100.0,VT
46,87,113.8,548.0,425.0,113.6,12070.159,128.3,102.0,VT
46,88,123.7,557.0,433.0,118.3,13126.0,128.7,113.5,VT
46,89,129.7,567.0,441.0,124.0,13945.0,120.9,125.9,VT
46,90,143.7,572.1,445.0,130.7,14896.0,124.3,135.9,VT
46,91,150.1,576.1,447.0,136.2,15121.0,120.9,153.9,VT
46,92,168.0,579.2,452.1,140.3,16640.0,126.5,164.4,VT
47,63,24.7,4288.0,2899.7,30.6,1936.0331,122.8,23.4,VA
47,64,25.2,4371.0,2962.3,31.0,2134.44,118.5,23.9,VA
47,65,25.1,4420.0,3001.8,31.5,2267.0593,123.3,24.1,VA
47,66,24.7,4481.0,3056.7,32.4,2404.9,120.2,24.1,VA
47,67,26.3,4541.0,3119.3,33.4,2580.3333,120.9,25.0,VA
47,68,27.1,4604.0,3182.0,34.8,2794.4038,122.8,26.3,VA
47,69,28.3,4669.0,3251.3,36.7,3024.138,123.9,27.0,VA
47,70,28.8,4648.0,3292.8,38.8,3284.1555,124.3,28.3,VA
47,71,30.2,4736.0,3383.3,40.5,3562.9692,128.4,30.1,VA
47,72,29.9,4799.0,3456.5,41.8,3840.7388,137.0,30.6,VA
47,73,30.1,4865.0,3538.4,44.4,4290.809,143.1,30.6,VA
47,74,31.3,4924.0,3616.4,49.3,4677.18,149.6,31.5,VA
47,75,33.6,4989.0,3701.2,53.8,5154.401,152.7,33.3,VA
47,76,37.9,5052.0,3784.1,56.9,5570.011,158.1,36.0,VA
47,77,38.4,5112.0,3865.0,60.6,6093.1787,157.7,36.9,VA
47,78,42.8,5177.0,3566.3,65.2,6684.222,155.9,41.4,VA
47,79,45.8,5197.0,3993.1,72.6,7396.3984,151.8,43.4,VA
47,80,48.5,5346.0,4100.0,82.4,8230.751,148.9,46.3,VA
47,81,51.8,5430.0,4187.7,90.9,9028.556,149.9,49.4,VA
47,82,56.4,5491.0,4247.4,96.5,9754.307,147.4,56.3,VA
47,83,68.8,5550.0,4310.1,99.6,10561.51,144.7,66.4,VA
47,84,76.0,5636.0,4391.0,103.9,11529.526,136.8,75.4,VA
47,85,83.6,5701.0,4453.6,107.6,12246.924,134.6,79.3,VA
47,86,91.3,5795.0,4540.3,109.6,13127.224,135.8,85.4,VA
47,87,94.6,5904.0,4627.0,113.6,13942.78,133.0,90.5,VA
47,88,102.1,6015.0,4725.0,118.3,15010.0,129.5,94.4,VA
47,89,109.4,6098.0,4782.0,124.0,15936.0,122.5,103.8,VA
47,90,128.6,6164.8,4834.4,130.7,16698.0,118.9,115.6,VA
47,91,136.5,6263.4,4898.2,136.2,17038.0,109.1,120.5,VA
47,92,157.9,6354.1,4965.1,140.3,18010.0,108.2,135.8,VA
48,63,30.1,2961.0,2030.7,30.6,2409.3328,99.1,28.0,WA
48,64,29.9,2971.0,2045.2,31.0,2569.1936,95.4,29.4,WA
48,65,30.0,2973.0,2057.8,31.5,2764.3486,98.3,29.1,WA
48,66,34.7,3074.0,2140.0,32.4,3003.1018,86.9,29.8,WA
48,67,35.0,3208.0,2250.3,33.4,3143.2397,99.7,30.1,WA
48,68,37.1,3296.0,2333.5,34.8,3363.308,101.5,32.0,WA
48,69,37.6,3402.0,2421.5,36.7,3529.3972,100.2,31.9,WA
48,70,38.7,3409.0,2438.0,38.8,3664.3447,96.7,33.8,WA
48,71,40.3,3433.0,2477.6,40.5,3829.396,97.0,33.6,WA
48,72,46.1,3423.0,2489.2,41.8,4072.3018,88.5,33.7,WA
48,73,45.9,3443.0,2528.9,44.4,4593.4067,91.0,36.3,WA
48,74,46.9,3503.0,2597.6,49.3,5079.218,98.6,38.0,WA
48,75,49.0,3563.0,2667.3,53.8,5631.465,99.5,40.3,WA
48,76,53.0,3623.0,2735.0,56.9,6166.0645,100.3,42.5,WA
48,77,53.7,3693.0,2806.6,60.6,6674.713,99.3,45.6,WA
48,78,58.6,3793.0,2899.4,65.2,7521.7686,101.3,51.5,WA
48,79,61.6,3926.0,3014.6,72.6,8311.73,101.4,55.4,WA
48,80,63.8,4132.0,3165.5,82.4,9105.845,101.4,56.4,WA
48,81,66.6,4217.0,3233.2,90.9,9940.443,112.7,59.2,WA
48,82,80.3,4245.0,3252.6,96.5,10492.69,106.6,67.6,WA
48,83,93.1,4300.0,3299.0,99.6,11018.986,102.4,76.5,WA
48,84,105.9,4349.0,3345.4,103.9,11805.834,96.2,88.5,WA
48,85,114.4,4406.0,3394.8,107.6,12336.281,96.5,97.6,WA
48,86,125.7,4463.0,3450.9,109.6,12946.66,94.2,99.9,WA
48,87,134.2,4538.0,3507.0,113.6,13522.782,91.3,107.1,WA
48,88,141.4,4648.0,3591.0,118.3,14347.0,88.2,121.9,WA
48,89,150.6,4761.0,3669.0,124.0,15438.0,86.1,133.6,WA
48,90,167.5,4882.4,3762.5,130.7,16252.0,83.4,141.3,WA
48,91,177.4,5033.9,3866.5,136.2,16967.0,78.7,144.4,WA
48,92,199.2,5152.2,3950.2,140.3,18038.0,81.1,167.2,WA
49,63,27.7,1815.0,1247.0,30.6,1598.0632,111.8,24.1,WV
49,64,28.0,1823.0,1260.4,31.0,1721.5317,109.0,25.0,WV
49,65,28.2,1815.0,1264.3,31.5,1855.0383,110.5,24.5,WV
49,66,28.4,1815.0,1275.8,32.4,1962.4458,111.2,24.7,WV
49,67,29.5,1807.0,1280.6,33.4,2097.96,113.6,25.0,WV
49,68,31.3,1819.0,1301.8,34.8,2202.356,119.8,26.3,WV
49,69,32.1,1819.0,1310.4,36.7,2358.9502,112.1,27.0,WV
49,70,33.7,1744.0,1255.6,38.8,2659.0889,114.5,28.3,WV
49,71,41.6,1761.0,1277.7,40.5,2868.885,111.5,30.1,WV
49,72,41.3,1781.0,1300.8,41.8,3118.8333,117.5,29.9,WV
49,73,39.9,1782.0,1310.4,44.4,3424.9949,116.6,30.1,WV
49,74,42.0,1784.0,1320.0,49.3,3815.4766,119.9,31.3,WV
49,75,45.2,1803.0,1340.2,53.8,4251.1294,123.2,33.3,WV
49,76,48.4,1833.0,1369.1,56.9,4646.63,129.7,36.0,WV
49,77,48.9,1853.0,1389.2,60.6,5074.2524,133.9,36.9,WV
49,78,53.9,1861.0,1399.8,65.2,5525.9663,131.6,41.4,WV
49,79,62.4,1878.0,1416.2,72.6,6080.069,122.1,43.4,WV
49,80,64.3,1950.0,1467.1,82.4,6593.0146,122.3,46.3,WV
49,81,66.2,1952.0,1471.9,90.9,7108.9727,120.5,49.4,WV
49,82,75.1,1948.0,1473.8,96.5,7632.9604,119.8,56.3,WV
49,83,88.2,1965.0,1490.2,99.6,7830.711,115.7,66.4,WV
49,84,97.2,1952.0,1487.3,103.9,8338.638,111.9,75.4,WV
49,85,103.2,1936.0,1484.4,107.6,8780.313,109.1,79.3,WV
49,86,104.1,1917.0,1477.7,109.6,9173.807,112.1,85.4,WV
49,87,112.8,1897.0,1470.0,113.6,9599.422,107.5,90.5,WV
49,88,122.2,1876.0,1460.0,118.3,10279.0,109.1,94.4,WV
49,89,131.2,1857.0,1452.0,124.0,10901.0,104.0,103.8,WV
49,90,142.9,1842.6,1440.8,130.7,11946.0,104.1,115.6,WV
49,91,144.1,1850.8,1454.1,136.2,12381.0,100.1,120.5,WV
49,92,158.2,1862.1,1465.4,140.3,13526.0,98.0,135.8,WV
50,63,27.6,4059.0,2702.5,30.6,2146.2878,110.4,25.4,WI
50,64,29.5,4100.0,2735.1,31.0,2307.5212,106.2,25.6,WI
50,65,29.8,4140.0,2773.5,31.5,2456.191,109.4,26.2,WI
50,66,32.1,4178.0,2812.8,32.4,2633.129,106.3,30.0,WI
50,67,32.8,4194.0,2841.6,33.4,2726.309,108.3,30.1,WI
50,68,33.6,4211.0,2878.0,34.8,2939.8909,111.4,32.7,WI
50,69,33.6,4233.0,2898.1,36.7,3109.5,111.5,32.8,WI
50,70,38.5,4417.0,3059.2,38.8,3339.8333,106.4,37.7,WI
50,71,40.2,4466.0,3129.2,40.5,3582.7302,105.4,38.5,WI
50,72,40.3,4510.0,3197.2,41.8,3814.1106,108.8,41.9,WI
50,73,42.6,4537.0,3253.8,44.4,4269.5425,109.5,41.0,WI
50,74,43.9,4563.0,3310.4,49.3,4634.935,111.8,41.9,WI
50,75,46.6,4601.0,3377.5,53.8,5039.065,113.5,45.2,WI
50,76,51.3,4623.0,3430.2,56.9,5487.168,115.4,47.8,WI
50,77,52.1,4658.0,3489.6,60.6,6063.0015,117.2,49.4,WI
50,78,57.1,4683.0,3537.6,65.2,6728.874,116.7,54.6,WI
50,79,58.7,4720.0,3590.3,72.6,7622.9863,117.1,56.4,WI
50,80,61.2,4705.0,3551.0,82.4,8173.6924,117.6,58.8,WI
50,81,64.9,4742.0,3592.2,90.9,8663.674,119.9,61.4,WI
50,82,75.0,4765.0,3617.1,96.5,9196.582,115.6,69.6,WI
50,83,92.0,4751.0,3616.2,99.6,9815.341,106.3,80.8,WI
50,84,100.8,4766.0,3639.2,103.9,10641.4,105.6,89.6,WI
50,85,106.8,4775.0,3657.4,107.6,11228.75,107.0,96.7,WI
50,86,110.8,4783.0,3670.8,109.6,11763.752,105.4,104.8,WI
50,87,116.3,4807.0,3690.0,113.6,12336.444,106.0,116.2,WI
50,88,128.6,4855.0,3728.0,118.3,13129.0,102.6,124.1,WI
50,89,138.3,4867.0,3745.0,124.0,13933.0,100.3,132.7,WI
50,90,151.1,4902.1,3772.0,130.7,14958.0,94.1,147.3,WI
50,91,158.6,4965.2,3817.4,136.2,15438.0,95.5,154.4,WI
50,92,176.5,5017.3,3853.8,140.3,16351.0,96.2,178.5,WI
51,63,26.2,335.0,221.9,30.6,2212.869,125.6,24.9,WY
51,64,26.2,338.0,224.8,31.0,2323.409,134.0,27.5,WY
51,65,26.1,330.0,220.0,31.5,2468.0408,137.6,27.6,WY
51,66,26.5,320.0,215.2,32.4,2593.0442,133.3,29.6,WY
51,67,27.4,319.0,216.1,33.4,2775.9004,137.4,30.1,WY
51,68,32.5,322.0,221.9,34.8,2921.5654,136.5,32.0,WY
51,69,32.6,320.0,228.7,36.7,3066.1973,135.7,31.9,WY
51,70,34.1,332.0,231.6,38.8,3269.715,132.2,33.8,WY
51,71,34.4,339.0,240.3,40.5,3514.5564,131.7,33.6,WY
51,72,34.4,345.0,247.0,41.8,3975.3125,140.0,33.7,WY
51,73,34.4,351.0,253.8,44.4,4505.285,141.2,36.3,WY
51,74,35.8,362.0,263.4,49.3,4980.5044,145.8,37.8,WY
51,75,38.6,377.0,276.0,53.8,5455.7236,160.7,40.3,WY
51,76,42.6,392.0,288.5,56.9,5985.6963,161.5,42.5,WY
51,77,43.4,407.0,300.1,60.6,6640.6724,160.4,44.7,WY
51,78,49.8,425.0,314.5,65.2,7609.7065,160.3,49.5,WY
51,79,51.7,450.0,332.9,72.6,8482.664,168.6,53.7,WY
51,80,55.3,470.0,343.5,82.4,9402.109,158.1,56.4,WY
51,81,55.9,492.0,358.0,90.9,10046.755,163.1,59.2,WY
51,82,64.3,502.0,364.7,96.5,10180.022,157.7,65.7,WY
51,83,71.0,514.0,371.5,99.6,9855.634,141.2,76.5,WY
51,84,81.7,511.0,370.5,103.9,10382.508,128.9,88.5,WY
51,85,87.4,510.0,369.5,107.6,10839.132,125.7,92.3,WY
51,86,97.8,507.0,368.6,109.6,11089.138,124.8,99.9,WY
51,87,102.7,490.0,357.0,113.6,11113.932,110.4,106.2,WY
51,88,112.9,479.0,353.0,118.3,11803.0,114.3,115.3,WY
51,89,118.6,475.0,352.0,124.0,12399.0,111.4,123.0,WY
51,90,129.5,470.9,348.9,130.7,13871.0,96.9,138.9,WY
51,91,127.0,477.1,355.2,136.2,14675.0,109.1,143.6,WY
51,92,155.1,483.3,360.5,140.3,15607.0,110.8,160.0,WY
