girl,minority,mathkind,mathgain,ses,yearstea,mathknow,housepov,mathprep,classid,schoolid,childid
1,1,448,32,0.46,1.0,,0.082,2.0,160,1,1
0,1,460,109,-0.27,1.0,,0.082,2.0,160,1,2
1,1,511,56,-0.03,1.0,,0.082,2.0,160,1,3
0,1,449,83,-0.38,2.0,-0.11,0.082,3.25,217,1,4
0,1,425,53,-0.03,2.0,-0.11,0.082,3.25,217,1,5
1,1,450,65,0.76,2.0,-0.11,0.082,3.25,217,1,6
0,1,452,51,-0.03,2.0,-0.11,0.082,3.25,217,1,7
0,1,443,66,0.2,2.0,-0.11,0.082,3.25,217,1,8
1,1,422,88,0.64,2.0,-0.11,0.082,3.25,217,1,9
0,1,480,-7,0.13,2.0,-0.11,0.082,3.25,217,1,10
0,1,502,60,0.83,2.0,-0.11,0.082,3.25,217,1,11
1,1,502,-2,0.06,1.0,-1.25,0.082,2.5,197,2,12
0,0,430,101,0.3,1.0,-1.25,0.082,2.5,197,2,13
0,0,526,30,-0.27,2.0,-0.72,0.082,2.33,211,2,14
0,0,504,65,0.74,2.0,-0.72,0.082,2.33,211,2,15
1,0,527,29,0.31,2.0,-0.72,0.082,2.33,211,2,16
1,0,462,152,1.1,2.0,-0.72,0.082,2.33,211,2,17
0,0,483,50,0.52,12.54,,0.082,2.3,307,2,18
1,1,516,60,-1.15,12.54,,0.082,2.3,307,2,19
0,1,476,74,0.0,12.54,,0.082,2.3,307,2,20
0,1,453,91,0.39,12.54,,0.082,2.3,307,2,21
0,0,494,68,-0.06,20.0,0.45,0.086,3.83,11,3,22
0,0,416,94,-0.26,20.0,0.45,0.086,3.83,11,3,23
0,0,456,120,0.64,20.0,0.45,0.086,3.83,11,3,24
1,0,445,58,-0.37,20.0,0.45,0.086,3.83,11,3,25
0,0,446,123,0.54,5.0,0.99,0.086,2.25,137,3,26
1,0,479,88,2.21,5.0,0.99,0.086,2.25,137,3,27
0,1,474,60,-0.43,19.0,1.61,0.086,3.0,145,3,28
0,0,453,152,0.41,19.0,1.61,0.086,3.0,145,3,29
0,0,494,96,0.06,19.0,1.61,0.086,3.0,145,3,30
1,0,529,57,-0.09,19.0,1.61,0.086,3.0,145,3,31
0,1,461,115,1.58,19.0,1.61,0.086,3.0,145,3,32
0,0,482,58,0.12,8.0,1.14,0.086,2.17,228,3,33
0,0,475,51,-0.35,8.0,1.14,0.086,2.17,228,3,34
0,0,464,104,0.9,8.0,1.14,0.086,2.17,228,3,35
1,1,496,65,-1.03,27.0,-1.05,0.365,2.0,48,4,36
1,1,443,64,-0.8,27.0,-1.05,0.365,2.0,48,4,37
0,1,455,59,1.04,27.0,-1.05,0.365,2.0,48,4,38
0,1,447,70,-0.3,27.0,-1.05,0.365,2.0,48,4,39
1,1,501,63,0.9,12.0,,0.365,2.0,179,4,40
0,1,434,-110,-0.37,12.0,,0.365,2.0,179,4,41
1,1,462,73,-0.03,3.0,0.22,0.511,3.75,299,5,42
0,1,444,100,-0.03,3.0,0.22,0.511,3.75,299,5,43
1,1,472,-9,-1.39,3.0,0.22,0.511,3.75,299,5,44
1,1,450,67,-1.25,3.0,0.22,0.511,3.75,299,5,45
0,1,463,58,-0.28,3.0,0.22,0.511,3.75,299,5,46
1,1,381,72,0.41,3.0,0.22,0.511,3.75,299,5,47
1,1,447,88,0.01,1.0,-0.86,0.044,1.75,254,6,48
0,0,504,115,-0.31,1.0,-0.86,0.044,1.75,254,6,49
0,1,483,62,-1.43,24.0,-0.73,0.044,4.0,286,6,50
1,0,459,42,-0.73,24.0,-0.73,0.044,4.0,286,6,51
0,0,472,88,1.31,24.0,-0.73,0.044,4.0,286,6,52
1,0,475,71,0.09,24.0,-0.73,0.044,4.0,286,6,53
0,1,468,74,0.35,24.0,-0.73,0.044,4.0,286,6,54
0,0,467,67,-0.02,24.0,-0.73,0.044,4.0,286,6,55
1,1,418,74,0.79,19.0,-0.98,0.044,2.5,291,6,56
1,1,415,87,-0.69,19.0,-0.98,0.044,2.5,291,6,57
0,1,444,83,-0.44,19.0,-0.98,0.044,2.5,291,6,58
0,1,433,93,0.29,19.0,-0.98,0.044,2.5,291,6,59
0,0,427,56,-1.3,13.0,1.53,0.148,2.33,89,7,60
1,0,428,40,-0.32,13.0,1.53,0.148,2.33,89,7,61
1,0,429,69,0.57,13.0,1.53,0.148,2.33,89,7,62
1,0,497,75,-0.03,7.0,,0.148,2.5,107,7,63
1,1,422,57,0.94,7.0,,0.148,2.5,107,7,64
1,1,487,23,-1.02,7.0,,0.148,2.5,107,7,65
0,1,435,53,-0.88,7.0,,0.148,2.5,107,7,66
1,0,411,114,-0.78,8.0,1.1,0.148,2.33,162,7,67
1,0,396,56,-0.98,8.0,1.1,0.148,2.33,162,7,68
0,0,462,55,1.41,13.0,-0.79,0.148,3.33,280,7,69
1,0,463,28,-0.35,13.0,-0.79,0.148,3.33,280,7,70
0,1,444,61,-1.15,13.0,-0.79,0.148,3.33,280,7,71
1,0,451,59,-0.46,13.0,-0.79,0.148,3.33,280,7,72
1,0,437,57,-0.21,13.0,-0.79,0.148,3.33,280,7,73
0,1,484,85,0.62,6.0,-0.14,0.085,2.0,147,8,74
0,1,488,28,0.18,6.0,-0.14,0.085,2.0,147,8,75
1,1,475,166,-0.14,6.0,-0.14,0.085,2.0,147,8,76
0,1,544,61,1.11,6.0,-0.14,0.085,2.0,147,8,77
1,1,467,47,-0.79,6.0,-0.14,0.085,2.0,147,8,78
1,1,509,62,0.86,6.0,-0.07,0.085,2.0,265,8,79
1,1,489,35,-0.11,6.0,-0.07,0.085,2.0,265,8,80
1,1,448,52,0.15,6.0,-0.07,0.085,2.0,265,8,81
0,1,516,70,0.28,6.0,-0.07,0.085,2.0,265,8,82
0,1,489,11,-1.37,22.0,0.28,0.085,1.5,279,8,83
0,1,519,37,1.34,22.0,0.28,0.085,1.5,279,8,84
0,0,517,36,-0.16,22.0,0.28,0.085,1.5,279,8,85
1,1,552,13,0.69,22.0,0.28,0.085,1.5,279,8,86
0,0,475,6,0.2,22.0,0.28,0.085,1.5,279,8,87
1,1,535,21,0.39,22.0,0.28,0.085,1.5,279,8,88
1,1,472,26,1.34,22.0,0.28,0.085,1.5,279,8,89
1,1,497,22,-0.11,23.0,-1.05,0.537,1.25,17,9,90
0,1,542,26,-0.03,23.0,-1.05,0.537,1.25,17,9,91
0,1,422,74,1.0,23.0,-1.05,0.537,1.25,17,9,92
1,1,482,41,-0.03,23.0,-0.42,0.537,1.17,58,9,93
0,1,459,13,0.0,24.0,-0.43,0.537,3.0,283,9,94
1,1,450,33,-1.45,24.0,-0.43,0.537,3.0,283,9,95
0,1,376,102,-0.3,15.0,-1.06,0.346,3.25,178,10,96
1,1,460,72,-0.38,15.0,-1.06,0.346,3.25,178,10,97
1,1,473,44,-0.82,21.0,-0.48,0.346,2.5,208,10,98
0,1,428,78,-0.97,21.0,-0.48,0.346,2.5,208,10,99
0,1,437,48,-0.94,21.0,-0.48,0.346,2.5,208,10,100
0,1,436,90,-1.27,21.0,-0.48,0.346,2.5,208,10,101
1,1,449,78,-1.09,1.0,,0.346,2.0,278,10,102
0,1,477,107,0.19,1.0,,0.346,2.0,278,10,103
1,1,477,67,-0.1,1.0,,0.346,2.0,278,10,104
1,1,410,75,-0.21,1.0,,0.346,2.0,278,10,105
0,1,439,69,0.15,1.0,,0.346,2.0,278,10,106
0,1,463,51,1.7,1.0,,0.346,2.0,278,10,107
1,1,456,70,-0.58,1.0,,0.346,2.0,278,10,108
0,1,433,103,-1.0,1.0,,0.346,2.0,278,10,109
0,1,433,90,-0.45,24.0,0.48,0.346,3.75,303,10,110
0,1,427,85,-0.37,24.0,0.48,0.346,3.75,303,10,111
1,1,444,55,-1.21,24.0,0.48,0.346,3.75,303,10,112
1,1,426,65,-1.45,24.0,0.48,0.346,3.75,303,10,113
1,0,526,44,0.83,6.0,0.12,0.101,4.0,86,11,114
0,1,494,66,1.42,6.0,0.12,0.101,4.0,86,11,115
0,0,494,58,2.15,6.0,0.12,0.101,4.0,86,11,116
1,0,479,90,0.56,6.0,0.12,0.101,4.0,86,11,117
1,0,538,35,-0.66,6.0,0.12,0.101,4.0,86,11,118
1,0,484,84,0.9,4.0,-0.42,0.101,2.5,113,11,119
0,0,576,8,-0.07,4.0,-0.42,0.101,2.5,113,11,120
1,0,485,58,0.4,4.0,-0.42,0.101,2.5,113,11,121
0,0,535,22,1.31,24.0,-0.13,0.101,2.25,131,11,122
1,0,467,77,-0.27,24.0,-0.13,0.101,2.25,131,11,123
0,0,505,25,-0.01,3.0,-0.52,0.101,2.24,172,11,124
1,0,480,22,0.27,3.0,-0.52,0.101,2.24,172,11,125
1,0,629,-35,0.07,3.0,-0.52,0.101,2.24,172,11,126
1,0,488,38,0.94,3.0,-0.52,0.101,2.24,172,11,127
1,1,509,28,0.63,3.0,0.31,0.101,2.5,195,11,128
1,0,493,77,0.41,3.0,0.31,0.101,2.5,195,11,129
0,0,470,69,-0.32,3.0,0.31,0.101,2.5,195,11,130
0,0,529,62,2.06,3.0,0.31,0.101,2.5,195,11,131
1,0,468,38,-0.02,1.0,-0.73,0.101,3.0,201,11,132
1,1,514,18,0.03,1.0,-0.73,0.101,3.0,201,11,133
1,0,465,67,0.21,1.0,-0.73,0.101,3.0,201,11,134
1,0,511,20,1.06,1.0,-0.73,0.101,3.0,201,11,135
0,1,461,42,-1.17,1.0,-0.73,0.101,3.0,201,11,136
0,0,496,54,0.71,27.0,-1.32,0.101,2.0,233,11,137
1,0,499,111,0.61,2.0,-0.72,0.101,2.0,285,11,138
1,0,454,68,-0.34,2.0,-0.72,0.101,2.0,285,11,139
1,0,527,38,0.1,2.0,-0.72,0.101,2.0,285,11,140
1,0,516,51,0.8,4.0,-1.02,0.101,2.5,293,11,141
0,1,434,94,-0.77,4.0,-1.02,0.101,2.5,293,11,142
1,0,499,39,1.32,4.0,-1.02,0.101,2.5,293,11,143
0,0,469,96,0.03,4.0,-1.02,0.101,2.5,293,11,144
0,1,424,36,-0.03,6.0,0.32,0.106,3.0,20,12,145
0,1,485,58,-0.03,6.0,0.32,0.106,3.0,20,12,146
1,1,463,53,0.59,6.0,0.32,0.106,3.0,20,12,147
0,1,427,63,0.45,5.0,-0.84,0.106,1.5,49,12,148
0,1,401,74,-0.22,5.0,-0.84,0.106,1.5,49,12,149
1,1,486,23,0.61,5.0,-0.84,0.106,1.5,49,12,150
1,1,522,12,-0.03,5.0,-0.84,0.106,1.5,49,12,151
0,1,450,53,-0.03,5.0,-0.84,0.106,1.5,49,12,152
0,1,408,104,-0.03,5.0,-0.84,0.106,1.5,49,12,153
0,1,493,27,1.12,2.0,1.21,0.106,2.0,81,12,154
1,1,417,46,-0.03,2.0,1.21,0.106,2.0,81,12,155
0,1,428,95,-0.03,2.0,1.21,0.106,2.0,81,12,156
1,1,453,50,-0.6,2.0,1.21,0.106,2.0,81,12,157
1,1,435,84,-0.03,2.0,1.21,0.106,2.0,81,12,158
1,1,450,40,-0.6,2.0,1.21,0.106,2.0,81,12,159
1,1,464,59,-0.03,2.0,1.21,0.106,2.0,81,12,160
1,1,433,91,-0.42,2.0,1.21,0.106,2.0,81,12,161
0,1,429,111,0.73,16.0,,0.106,3.06,251,12,162
1,1,497,41,0.88,16.0,,0.106,3.06,251,12,163
0,1,430,18,0.26,16.0,,0.106,3.06,251,12,164
1,1,535,28,0.07,25.0,-0.19,0.106,2.5,302,12,165
0,1,535,5,0.18,25.0,-0.19,0.106,2.5,302,12,166
1,1,508,67,1.64,25.0,-0.19,0.106,2.5,302,12,167
0,1,459,59,-0.03,25.0,-0.19,0.106,2.5,302,12,168
0,1,474,45,0.73,25.0,-0.19,0.106,2.5,302,12,169
0,1,491,47,-0.03,25.0,-0.19,0.106,2.5,302,12,170
1,1,491,26,1.32,25.0,-0.19,0.106,2.5,302,12,171
0,1,433,52,0.86,20.0,0.12,0.055,2.5,64,13,172
1,0,462,32,0.58,20.0,0.12,0.055,2.5,64,13,173
1,0,462,44,-0.76,20.0,0.12,0.055,2.5,64,13,174
1,0,506,41,-0.24,20.0,0.12,0.055,2.5,64,13,175
0,0,477,98,0.01,20.0,0.12,0.055,2.5,64,13,176
1,0,466,59,0.29,1.0,1.19,0.055,2.0,166,13,177
0,0,529,-11,0.08,1.0,1.19,0.055,2.0,166,13,178
1,0,499,35,-0.19,1.0,1.19,0.055,2.0,166,13,179
0,1,481,79,0.31,1.0,1.19,0.055,2.0,166,13,180
0,1,470,26,-0.37,17.0,0.86,0.157,5.25,41,14,181
0,1,519,-11,-0.14,17.0,0.86,0.157,5.25,41,14,182
1,1,441,23,0.05,17.0,0.86,0.157,5.25,41,14,183
0,1,436,88,0.29,17.0,0.86,0.157,5.25,41,14,184
1,1,431,52,-1.12,17.0,0.86,0.157,5.25,41,14,185
0,1,515,13,0.24,24.0,0.12,0.157,3.0,141,14,186
0,1,467,32,-0.42,24.0,0.12,0.157,3.0,141,14,187
1,1,455,19,-0.3,24.0,0.12,0.157,3.0,141,14,188
1,1,415,62,-0.2,24.0,0.12,0.157,3.0,141,14,189
0,1,477,69,0.09,24.0,0.12,0.157,3.0,141,14,190
0,1,490,71,0.01,22.0,-0.42,0.157,2.0,167,14,191
0,1,521,25,0.06,22.0,-0.42,0.157,2.0,167,14,192
0,1,437,90,0.03,22.0,-0.42,0.157,2.0,167,14,193
0,1,526,41,-0.39,22.0,-0.42,0.157,2.0,167,14,194
1,1,434,65,0.34,22.0,-0.42,0.157,2.0,167,14,195
0,1,342,182,-0.24,14.0,0.15,0.121,1.33,5,15,196
1,1,404,79,0.73,24.0,-0.7,0.121,6.0,85,15,197
1,1,457,36,0.07,24.0,-0.7,0.121,6.0,85,15,198
1,0,457,47,-0.37,24.0,-0.7,0.121,6.0,85,15,199
1,1,397,103,-0.35,24.0,-0.7,0.121,6.0,85,15,200
0,0,422,91,-0.29,24.0,-0.7,0.121,6.0,85,15,201
0,1,424,113,-0.91,24.0,-0.7,0.121,6.0,85,15,202
0,1,439,98,0.23,24.0,-0.7,0.121,6.0,85,15,203
1,1,449,94,-0.48,30.0,-0.34,0.121,2.25,92,15,204
0,1,506,39,0.97,12.0,0.35,0.121,2.5,119,15,205
0,1,533,33,-0.97,5.0,-1.21,0.121,1.0,260,15,206
1,1,446,38,-1.01,5.0,-1.21,0.121,1.0,260,15,207
0,1,521,22,-0.76,5.0,-1.21,0.121,1.0,260,15,208
0,1,412,118,1.46,12.0,0.89,0.113,2.3,206,16,209
1,1,474,83,0.68,12.0,0.89,0.113,2.3,206,16,210
1,1,447,78,0.05,12.0,0.89,0.113,2.3,206,16,211
0,1,441,74,-1.52,12.0,0.89,0.113,2.3,206,16,212
1,1,411,90,-0.02,12.0,0.89,0.113,2.3,206,16,213
1,1,390,108,-0.44,12.0,-0.48,0.113,4.0,256,16,214
0,1,429,51,-1.03,21.0,,0.261,2.83,7,17,215
1,1,381,143,-0.49,5.0,-1.26,0.261,3.25,10,17,216
0,1,419,69,-1.35,5.0,-1.26,0.261,3.25,10,17,217
0,1,441,54,-0.49,19.0,-0.42,0.261,2.5,87,17,218
0,1,379,129,-0.51,21.0,-2.31,0.261,3.33,177,17,219
1,1,434,65,1.04,21.0,-2.31,0.261,3.33,177,17,220
0,1,416,57,-0.72,21.0,-2.31,0.261,3.33,177,17,221
0,1,403,49,-0.69,8.0,-1.42,0.261,3.0,216,17,222
0,1,457,62,-0.93,8.0,-1.42,0.261,3.0,216,17,223
0,1,419,71,-0.61,23.0,1.13,0.272,2.25,31,18,224
1,0,409,75,0.57,23.0,1.13,0.272,2.25,31,18,225
0,0,290,164,-0.14,23.0,1.13,0.272,2.25,31,18,226
1,0,440,49,-0.03,23.0,1.13,0.272,2.25,31,18,227
0,1,431,80,-0.18,1.0,-0.41,0.058,2.25,98,19,228
0,1,437,37,-0.85,1.0,-0.41,0.058,2.25,98,19,229
0,1,477,45,-0.13,1.0,-0.41,0.058,2.25,98,19,230
0,1,416,56,1.56,1.0,-0.41,0.058,2.25,98,19,231
1,1,455,50,-0.16,1.0,-0.41,0.058,2.25,98,19,232
1,1,470,24,-0.36,30.0,-1.39,0.058,5.5,110,19,233
0,1,456,101,-0.15,30.0,-1.39,0.058,5.5,110,19,234
1,1,422,31,-0.61,30.0,-1.39,0.058,5.5,110,19,235
1,1,484,51,1.22,30.0,-1.39,0.058,5.5,110,19,236
1,1,463,57,0.29,2.0,-0.17,0.058,1.75,170,19,237
1,1,398,79,-0.66,2.0,-0.17,0.058,1.75,170,19,238
1,1,445,72,-0.8,19.0,-1.84,0.532,3.33,30,20,239
1,1,484,29,-0.58,19.0,-1.84,0.532,3.33,30,20,240
1,1,393,47,-0.51,19.0,-1.84,0.532,3.33,30,20,241
1,1,447,68,-1.01,19.0,-1.84,0.532,3.33,30,20,242
0,1,429,67,-0.47,5.0,-0.5,0.532,2.5,94,20,243
0,1,453,41,-0.64,5.0,-0.5,0.532,2.5,94,20,244
1,1,508,63,-0.24,5.0,-0.5,0.532,2.5,94,20,245
1,1,462,97,0.61,5.0,-0.5,0.532,2.5,94,20,246
0,1,435,67,-0.63,5.0,-0.5,0.532,2.5,94,20,247
0,1,485,43,-0.4,5.0,-0.5,0.532,2.5,94,20,248
0,1,484,68,-0.98,6.0,-0.84,0.532,2.25,101,20,249
1,1,417,79,-1.16,6.0,-0.84,0.532,2.25,101,20,250
0,1,431,36,-0.32,8.0,-0.12,0.187,3.75,6,21,251
0,1,454,23,-0.03,8.0,-0.12,0.187,3.75,6,21,252
0,0,452,34,0.28,8.0,-0.12,0.187,3.75,6,21,253
1,1,448,44,0.31,8.0,-0.12,0.187,3.75,6,21,254
1,0,405,60,0.33,8.0,-0.12,0.187,3.75,6,21,255
0,1,460,86,0.2,14.0,-0.17,0.187,3.17,130,21,256
0,1,435,24,-0.44,14.0,-0.17,0.187,3.17,130,21,257
0,1,461,73,0.68,14.0,-0.17,0.187,3.17,130,21,258
0,0,434,75,0.1,14.0,-0.17,0.187,3.17,130,21,259
0,1,494,46,0.25,12.0,-0.13,0.187,4.5,158,21,260
0,1,443,87,0.51,12.0,-0.13,0.187,4.5,158,21,261
0,1,524,49,0.08,12.0,-0.13,0.187,4.5,158,21,262
0,1,437,67,0.53,12.0,-0.13,0.187,4.5,158,21,263
0,1,392,91,-0.8,12.0,-0.13,0.187,4.5,158,21,264
0,1,457,28,-0.16,12.0,-0.13,0.187,4.5,158,21,265
1,0,431,102,-1.1,12.0,-0.13,0.187,4.5,158,21,266
1,1,494,39,0.37,12.0,-0.13,0.187,4.5,158,21,267
0,1,433,46,-1.44,0.0,-0.72,0.438,2.0,159,22,268
1,1,449,48,0.47,0.0,-0.72,0.438,2.0,159,22,269
1,1,447,39,0.31,0.0,-0.72,0.438,2.0,159,22,270
1,1,462,25,-0.3,0.0,-0.72,0.438,2.0,159,22,271
0,1,459,82,-0.89,14.0,-0.76,0.282,2.25,43,23,272
1,1,495,34,0.59,14.0,-0.76,0.282,2.25,43,23,273
0,1,483,43,-0.78,14.0,-0.76,0.282,2.25,43,23,274
1,1,462,117,-0.81,3.0,0.12,0.282,2.0,47,23,275
0,1,447,74,-0.75,21.0,0.55,0.282,2.25,163,23,276
1,1,497,30,-0.33,27.0,-1.02,0.263,2.25,55,24,277
1,1,494,-2,0.19,27.0,-1.02,0.263,2.25,55,24,278
1,1,427,65,0.68,27.0,-1.02,0.263,2.25,55,24,279
1,1,447,30,-0.17,27.0,-1.02,0.263,2.25,55,24,280
1,1,477,0,-0.87,27.0,-1.02,0.263,2.25,55,24,281
0,1,539,-16,1.57,31.0,-1.68,0.263,3.0,77,24,282
1,1,431,106,-0.34,5.0,0.72,0.263,2.25,93,24,283
1,1,496,88,0.21,9.0,-0.79,0.263,2.5,150,24,284
1,1,443,38,-0.03,15.0,-0.77,0.309,2.17,97,25,285
1,1,469,27,0.03,15.0,-0.77,0.309,2.17,97,25,286
1,1,374,59,-0.4,6.0,0.93,0.309,2.0,297,25,287
1,1,513,-6,-0.76,6.0,0.93,0.309,2.0,297,25,288
1,1,450,34,-0.03,6.0,0.93,0.309,2.0,297,25,289
0,1,447,7,0.53,6.0,0.93,0.309,2.0,297,25,290
0,1,450,39,-0.64,6.0,0.93,0.309,2.0,297,25,291
0,1,439,97,0.67,4.0,0.61,0.564,2.25,78,26,292
0,1,480,56,-0.03,4.0,0.61,0.564,2.25,78,26,293
1,1,497,56,-1.37,4.0,0.61,0.564,2.25,78,26,294
1,1,482,43,-0.25,4.0,0.61,0.564,2.25,78,26,295
0,1,409,71,0.35,4.0,0.61,0.564,2.25,78,26,296
1,1,466,42,-0.53,4.0,0.61,0.564,2.25,78,26,297
0,1,439,88,-0.32,4.0,0.61,0.564,2.25,78,26,298
0,1,430,86,1.04,4.0,0.61,0.564,2.25,78,26,299
1,1,470,41,0.4,13.0,1.31,0.564,4.75,102,26,300
0,1,476,43,-0.03,13.0,1.31,0.564,4.75,102,26,301
0,1,481,78,-1.35,13.0,1.31,0.564,4.75,102,26,302
0,1,443,65,-0.03,0.0,0.59,0.564,2.0,139,26,303
1,1,415,-2,-0.03,0.0,0.59,0.564,2.0,139,26,304
1,1,503,41,0.54,0.0,0.59,0.564,2.0,139,26,305
0,1,468,64,0.21,0.0,0.59,0.564,2.0,139,26,306
0,0,515,30,1.02,9.0,0.43,0.05,3.0,104,27,307
0,0,505,48,1.14,9.0,0.43,0.05,3.0,104,27,308
0,0,440,44,0.51,9.0,0.43,0.05,3.0,104,27,309
0,0,454,25,-0.63,9.0,0.43,0.05,3.0,104,27,310
0,0,520,69,0.36,9.0,0.43,0.05,3.0,104,27,311
1,0,542,138,2.27,9.0,0.43,0.05,3.0,104,27,312
1,0,498,81,0.52,6.0,0.15,0.05,2.17,190,27,313
1,0,495,41,-0.39,6.0,0.15,0.05,2.17,190,27,314
0,0,491,54,-0.18,6.0,0.15,0.05,2.17,190,27,315
1,0,499,88,-0.38,6.0,0.15,0.05,2.17,190,27,316
1,0,450,56,-0.2,6.0,0.15,0.05,2.17,190,27,317
0,0,471,82,-0.06,6.0,0.15,0.05,2.17,190,27,318
1,0,497,78,0.45,6.0,0.15,0.05,2.17,190,27,319
0,0,568,19,1.28,6.0,0.15,0.05,2.17,190,27,320
0,0,509,24,0.63,12.0,0.01,0.05,1.0,230,27,321
1,0,544,3,0.02,12.0,0.01,0.05,1.0,230,27,322
0,0,536,42,-0.01,3.0,-0.59,0.05,2.0,262,27,323
0,0,510,67,0.29,3.0,-0.59,0.05,2.0,262,27,324
1,0,408,76,0.8,3.0,-0.59,0.05,2.0,262,27,325
0,0,471,54,0.05,3.0,-0.59,0.05,2.0,262,27,326
1,0,513,113,2.18,3.0,-0.59,0.05,2.0,262,27,327
0,1,544,-5,0.4,26.0,-0.92,0.214,2.0,114,28,328
1,1,464,33,-1.45,26.0,-0.92,0.214,2.0,114,28,329
1,1,467,47,-1.1,26.0,-0.92,0.214,2.0,114,28,330
0,1,397,50,0.0,26.0,-0.92,0.214,2.0,114,28,331
0,1,414,71,0.36,5.0,-0.72,0.214,2.0,118,28,332
0,1,511,11,-0.95,27.0,0.74,0.214,3.0,202,28,333
0,1,524,2,0.22,27.0,0.74,0.214,3.0,202,28,334
1,1,454,10,-0.67,27.0,0.74,0.214,3.0,202,28,335
1,1,478,49,0.22,15.0,-0.6,0.214,1.0,203,28,336
1,1,290,197,-0.46,15.0,-0.6,0.214,1.0,203,28,337
1,0,493,39,0.45,19.0,0.46,0.102,3.75,115,29,338
1,0,483,89,-0.06,19.0,0.46,0.102,3.75,115,29,339
0,1,490,56,-0.72,19.0,0.46,0.102,3.75,115,29,340
1,1,489,34,-0.85,19.0,0.46,0.102,3.75,115,29,341
1,1,505,17,-0.05,10.0,0.28,0.102,2.0,223,29,342
0,0,452,87,1.04,10.0,0.28,0.102,2.0,223,29,343
1,1,536,-7,-0.35,10.0,0.28,0.102,2.0,223,29,344
1,0,537,42,-0.72,10.0,0.28,0.102,2.0,223,29,345
0,1,475,13,0.83,2.0,0.34,0.085,2.0,175,30,346
1,1,451,29,-0.1,2.0,0.34,0.085,2.0,175,30,347
0,1,401,41,-0.37,2.0,0.34,0.085,2.0,175,30,348
1,1,497,-2,-0.05,14.0,,0.012,4.0,51,31,349
0,1,406,64,-0.35,14.0,,0.012,4.0,51,31,350
0,1,460,41,-0.05,14.0,,0.012,4.0,51,31,351
1,1,432,18,-0.48,14.0,,0.012,4.0,51,31,352
1,1,414,61,-0.78,14.0,,0.012,4.0,51,31,353
0,1,370,91,-0.8,14.0,,0.012,4.0,51,31,354
0,1,405,94,-0.25,8.0,-0.72,0.012,2.0,156,31,355
0,1,454,31,0.02,8.0,-0.72,0.012,2.0,156,31,356
0,1,454,55,0.25,8.0,-0.72,0.012,2.0,156,31,357
1,1,471,14,-0.72,8.0,-0.72,0.012,2.0,156,31,358
1,1,463,43,-0.23,8.0,-0.72,0.012,2.0,156,31,359
1,1,448,70,1.06,8.0,-0.72,0.012,2.0,156,31,360
0,1,480,76,-0.88,12.0,1.18,0.012,5.25,234,31,361
1,1,467,25,-0.12,12.0,1.18,0.012,5.25,234,31,362
1,1,495,45,-0.38,12.0,1.18,0.012,5.25,234,31,363
1,1,451,44,1.34,12.0,1.18,0.012,5.25,234,31,364
1,1,370,163,-0.96,12.0,1.18,0.012,5.25,234,31,365
1,1,435,97,0.01,12.0,1.18,0.012,5.25,234,31,366
1,1,410,84,-0.03,12.0,1.18,0.012,5.25,234,31,367
1,1,451,-20,0.39,20.0,-1.21,0.012,2.0,258,31,368
1,1,487,13,-0.42,20.0,-1.21,0.012,2.0,258,31,369
0,1,453,7,-0.53,20.0,-1.21,0.012,2.0,258,31,370
0,1,470,100,0.01,9.0,0.12,0.261,2.0,191,32,371
1,1,488,61,0.6,18.0,-0.83,0.261,2.25,204,32,372
1,1,561,3,1.06,18.0,-0.83,0.261,2.25,204,32,373
1,1,452,92,0.49,24.0,-0.24,0.261,2.0,252,32,374
0,1,516,32,-0.5,24.0,-0.24,0.261,2.0,252,32,375
1,1,470,68,0.54,24.0,-0.24,0.261,2.0,252,32,376
1,1,515,56,-0.36,24.0,-0.24,0.261,2.0,252,32,377
0,1,492,74,-0.74,24.0,-0.24,0.261,2.0,252,32,378
1,1,529,-12,-0.03,24.0,-0.24,0.261,2.0,252,32,379
1,1,398,65,-0.12,19.0,-0.45,0.047,4.5,26,33,380
1,1,453,49,-0.72,19.0,-0.45,0.047,4.5,26,33,381
1,1,523,47,-0.29,19.0,-0.45,0.047,4.5,26,33,382
1,1,440,94,-0.03,19.0,-0.45,0.047,4.5,26,33,383
0,1,419,102,0.01,19.0,-0.45,0.047,4.5,26,33,384
0,1,395,103,-0.09,19.0,-0.45,0.047,4.5,26,33,385
0,1,483,32,-1.17,19.0,-0.45,0.047,4.5,26,33,386
1,1,439,100,0.6,19.0,-0.45,0.047,4.5,26,33,387
1,1,498,53,1.32,19.0,-0.45,0.047,4.5,26,33,388
1,1,478,96,0.99,19.0,-0.45,0.047,4.5,26,33,389
0,1,508,-20,-0.4,1.0,,0.047,2.3,32,33,390
1,1,496,29,1.17,1.0,,0.047,2.3,32,33,391
0,1,448,101,-0.31,1.0,,0.047,2.3,32,33,392
1,1,483,12,-0.03,1.0,,0.047,2.3,32,33,393
0,1,476,27,0.2,2.0,-0.72,0.047,5.5,88,33,394
1,1,485,16,0.08,2.0,-0.72,0.047,5.5,88,33,395
1,1,443,39,-1.32,19.0,0.12,0.047,4.0,100,33,396
0,1,423,62,-0.4,3.0,1.05,0.047,2.75,229,33,397
0,1,380,118,-0.01,3.0,1.05,0.047,2.75,229,33,398
1,1,395,137,0.06,3.0,1.05,0.047,2.75,229,33,399
0,1,454,58,2.17,3.0,1.05,0.047,2.75,229,33,400
0,1,393,57,0.55,3.0,1.05,0.047,2.75,229,33,401
0,1,453,60,-0.41,2.0,0.58,0.303,3.0,2,34,402
0,0,472,52,-1.61,2.0,0.58,0.303,3.0,2,34,403
1,1,437,85,0.55,2.0,0.58,0.303,3.0,2,34,404
1,1,475,56,0.04,7.0,0.5,0.303,4.17,188,34,405
0,1,412,41,-1.43,7.0,0.5,0.303,4.17,188,34,406
1,1,423,73,-1.43,7.0,0.5,0.303,4.17,188,34,407
0,1,439,-12,-0.83,7.0,0.5,0.303,4.17,188,34,408
1,0,422,44,-0.97,3.0,0.71,0.13,5.0,56,35,409
1,0,507,10,-0.49,3.0,0.71,0.13,5.0,56,35,410
0,0,483,-7,-0.62,3.0,0.71,0.13,5.0,56,35,411
1,1,499,48,-1.01,3.0,0.71,0.13,5.0,56,35,412
1,1,478,55,0.39,3.0,0.71,0.13,5.0,56,35,413
0,0,456,53,-0.31,10.0,1.86,0.13,2.0,122,35,414
0,0,494,8,-0.85,10.0,1.86,0.13,2.0,122,35,415
1,0,480,54,-0.52,10.0,1.86,0.13,2.0,122,35,416
0,0,551,7,-0.27,10.0,1.86,0.13,2.0,122,35,417
0,0,446,26,-1.13,10.0,1.86,0.13,2.0,122,35,418
0,0,476,34,-0.17,10.0,1.86,0.13,2.0,122,35,419
1,1,500,31,-0.18,1.0,-0.12,0.088,3.0,63,36,420
1,0,500,80,-0.16,1.0,-0.12,0.088,3.0,63,36,421
1,1,446,77,0.54,14.0,0.48,0.088,1.5,180,36,422
0,1,445,60,1.07,14.0,0.48,0.088,1.5,180,36,423
1,1,436,88,-0.84,14.0,0.48,0.088,1.5,180,36,424
1,1,504,76,-0.5,14.0,0.48,0.088,1.5,180,36,425
0,1,420,88,-0.35,14.0,0.48,0.088,1.5,180,36,426
1,1,495,76,-0.27,14.0,0.48,0.088,1.5,180,36,427
1,1,448,37,-0.02,9.0,-1.53,0.249,2.0,103,37,428
1,1,465,5,-0.44,9.0,-1.53,0.249,2.0,103,37,429
1,1,473,18,-0.48,9.0,-1.53,0.249,2.0,103,37,430
0,1,350,136,-0.35,28.0,-0.28,0.249,3.0,125,37,431
1,1,429,65,0.5,28.0,-0.28,0.249,3.0,125,37,432
0,1,450,53,-0.51,28.0,-0.28,0.249,3.0,125,37,433
0,1,440,48,0.11,28.0,-0.28,0.249,3.0,125,37,434
1,1,407,74,-1.02,1.0,1.13,0.249,2.0,210,37,435
1,1,438,80,0.21,1.0,1.13,0.249,2.0,210,37,436
1,1,434,6,-0.28,1.0,1.13,0.249,2.0,210,37,437
0,1,452,39,0.4,5.0,-1.14,0.249,1.5,249,37,438
1,1,477,10,0.26,2.0,-0.52,0.17,2.5,16,38,439
0,1,502,61,0.37,2.0,-0.52,0.17,2.5,16,38,440
0,1,470,32,-0.37,2.0,-0.52,0.17,2.5,16,38,441
0,1,475,77,-0.38,2.0,-0.52,0.17,2.5,16,38,442
1,1,437,57,1.34,2.0,-0.52,0.17,2.5,16,38,443
0,1,359,99,0.28,2.0,-0.52,0.17,2.5,16,38,444
0,1,441,9,1.26,14.0,,0.17,2.5,309,38,445
0,1,436,51,0.07,14.0,,0.17,2.5,309,38,446
0,1,494,34,-0.9,14.0,,0.17,2.5,309,38,447
0,1,544,-34,-0.66,2.0,-0.76,0.123,1.5,79,39,448
0,0,483,28,-0.6,2.0,-0.76,0.123,1.5,79,39,449
1,1,516,74,-0.62,2.0,-0.76,0.123,1.5,79,39,450
0,1,545,-22,-0.17,2.0,-0.76,0.123,1.5,79,39,451
0,1,451,45,-0.39,2.0,-0.76,0.123,1.5,79,39,452
1,1,471,21,-0.86,2.0,-0.36,0.123,1.75,198,39,453
1,1,511,0,-0.82,2.0,-0.36,0.123,1.75,198,39,454
1,1,490,48,-1.12,20.0,,0.123,2.0,274,39,455
1,1,592,-11,-0.29,7.0,-1.09,0.123,2.75,288,39,456
0,1,424,85,0.16,7.0,-1.09,0.123,2.75,288,39,457
0,1,566,52,-0.5,7.0,-1.09,0.123,2.75,288,39,458
0,1,450,41,-0.61,7.0,-1.09,0.123,2.75,288,39,459
0,0,475,16,-0.36,1.0,-1.09,0.279,1.5,9,40,460
1,1,526,8,-0.52,1.0,-1.09,0.279,1.5,9,40,461
0,1,448,-51,-0.72,1.0,-1.09,0.279,1.5,9,40,462
0,1,467,87,-0.57,6.0,-1.04,0.279,2.5,257,40,463
0,0,525,64,-0.62,6.0,-1.04,0.279,2.5,257,40,464
0,0,491,24,-0.22,6.0,-1.04,0.279,2.5,257,40,465
1,1,464,85,-0.27,6.0,-1.04,0.279,2.5,257,40,466
0,1,446,65,1.2,28.0,-0.1,0.036,2.83,18,41,467
0,1,431,91,-0.41,29.0,-0.35,0.036,5.25,50,41,468
0,1,450,58,0.25,29.0,-0.35,0.036,5.25,50,41,469
1,0,474,77,0.69,29.0,-0.35,0.036,5.25,50,41,470
0,0,543,0,0.17,29.0,-0.35,0.036,5.25,50,41,471
0,1,473,88,-0.38,11.0,-0.68,0.036,2.25,142,41,472
0,1,452,70,-0.48,11.0,-0.68,0.036,2.25,142,41,473
0,0,498,103,-0.39,11.0,-0.68,0.036,2.25,142,41,474
1,1,472,67,-1.11,11.0,-0.68,0.036,2.25,142,41,475
1,1,459,76,-0.03,0.0,-1.28,0.157,2.0,54,42,476
0,1,523,33,0.41,0.0,-1.28,0.157,2.0,54,42,477
1,1,506,48,-0.65,0.0,-1.28,0.157,2.0,54,42,478
1,1,481,59,0.3,0.0,-1.28,0.157,2.0,54,42,479
1,1,463,50,0.63,20.0,1.65,0.157,2.75,70,42,480
1,1,484,77,-0.94,6.0,0.27,0.157,3.0,207,42,481
1,1,430,33,-0.93,6.0,0.27,0.157,3.0,207,42,482
1,1,463,40,-1.02,6.0,0.27,0.157,3.0,207,42,483
1,1,475,55,0.05,6.0,0.27,0.157,3.0,207,42,484
0,1,483,47,-1.24,6.0,0.27,0.157,3.0,207,42,485
1,1,424,62,-0.92,6.0,0.27,0.157,3.0,207,42,486
0,1,461,74,0.43,14.0,0.61,0.157,2.5,296,42,487
1,1,468,39,-0.2,14.0,0.61,0.157,2.5,296,42,488
1,1,415,99,0.0,14.0,0.61,0.157,2.5,296,42,489
1,1,432,59,0.1,14.0,0.61,0.157,2.5,296,42,490
0,1,499,54,-0.14,14.0,0.61,0.157,2.5,296,42,491
0,1,453,91,-0.33,14.0,0.61,0.157,2.5,296,42,492
0,1,508,67,1.66,14.0,0.61,0.157,2.5,296,42,493
1,1,470,25,0.49,2.0,0.92,0.179,2.25,220,43,494
0,1,471,70,0.26,2.0,0.92,0.179,2.25,220,43,495
1,1,517,37,-0.82,1.0,2.61,0.179,2.25,227,43,496
1,1,422,90,-1.35,1.0,2.61,0.179,2.25,227,43,497
0,0,482,65,0.97,20.0,1.94,0.347,2.5,176,44,498
1,1,414,86,-0.04,20.0,1.94,0.347,2.5,176,44,499
1,0,435,79,-0.03,20.0,1.94,0.347,2.5,176,44,500
1,0,465,71,0.43,20.0,1.94,0.347,2.5,176,44,501
1,0,499,36,0.68,4.0,1.31,0.347,2.0,219,44,502
0,0,423,98,-0.32,4.0,1.31,0.347,2.0,219,44,503
1,0,448,68,-0.03,4.0,1.31,0.347,2.0,219,44,504
0,1,483,34,-1.11,4.0,1.31,0.347,2.0,219,44,505
0,0,443,126,-0.3,21.0,1.47,0.347,2.24,246,44,506
1,0,523,25,0.54,21.0,1.47,0.347,2.24,246,44,507
1,1,417,70,-0.7,21.0,1.47,0.347,2.24,246,44,508
0,0,432,115,-0.03,21.0,1.47,0.347,2.24,246,44,509
0,0,547,-3,0.54,11.0,-0.61,0.347,2.0,268,44,510
1,0,477,80,1.21,11.0,-0.61,0.347,2.0,268,44,511
0,0,420,97,-0.03,11.0,-0.61,0.347,2.0,268,44,512
0,0,509,67,0.83,11.0,-0.61,0.347,2.0,268,44,513
1,0,494,59,-0.47,11.0,-0.61,0.347,2.0,268,44,514
1,1,503,8,-0.04,25.0,0.64,0.164,3.25,300,45,515
0,1,461,87,0.29,25.0,0.64,0.164,3.25,300,45,516
0,1,469,71,-1.28,25.0,0.64,0.164,3.25,300,45,517
0,1,482,90,-0.96,25.0,0.64,0.164,3.25,300,45,518
1,1,459,77,-0.67,25.0,0.64,0.164,3.25,300,45,519
0,1,381,97,-0.16,10.0,1.89,0.238,2.0,19,46,520
0,1,464,62,-0.74,10.0,1.89,0.238,2.0,19,46,521
0,1,484,39,1.09,11.0,0.03,0.238,2.67,69,46,522
0,1,470,28,0.51,11.0,0.03,0.238,2.67,69,46,523
1,1,502,47,-0.08,11.0,0.03,0.238,2.67,69,46,524
1,1,441,72,-0.36,22.0,1.13,0.238,1.75,71,46,525
0,1,459,85,0.83,22.0,1.13,0.238,1.75,71,46,526
0,1,420,81,-0.57,2.0,,0.238,2.5,133,46,527
1,1,474,34,-0.12,2.0,,0.238,2.5,133,46,528
1,1,461,36,0.35,2.0,,0.238,2.5,133,46,529
0,1,481,16,0.07,18.0,-1.44,0.238,3.17,240,46,530
1,1,438,34,-0.83,18.0,-1.44,0.238,3.17,240,46,531
1,1,469,71,-0.58,18.0,-1.44,0.238,3.17,240,46,532
0,1,413,88,-0.74,2.0,-0.78,0.257,2.5,61,47,533
1,1,462,14,-0.81,2.0,-0.78,0.257,2.5,61,47,534
0,1,488,91,0.5,25.0,1.57,0.257,3.17,82,47,535
0,1,400,57,0.07,25.0,1.57,0.257,3.17,82,47,536
0,1,442,7,-0.04,25.0,1.57,0.257,3.17,82,47,537
0,1,485,54,0.05,25.0,1.57,0.257,3.17,82,47,538
0,1,290,253,-0.4,25.0,1.57,0.257,3.17,82,47,539
0,1,438,70,-0.11,2.0,1.12,0.257,2.0,155,47,540
1,1,446,52,-0.22,2.0,1.12,0.257,2.0,155,47,541
1,1,501,52,1.11,2.0,1.12,0.257,2.0,155,47,542
0,1,421,68,-0.03,5.0,,0.159,2.0,153,48,543
1,1,418,40,-0.43,5.0,,0.159,2.0,153,48,544
1,1,430,25,-0.56,5.0,,0.159,2.0,153,48,545
1,1,464,61,1.91,5.0,,0.159,2.0,153,48,546
0,1,458,36,1.32,5.0,,0.159,2.0,153,48,547
1,1,391,64,-1.35,5.0,,0.159,2.0,153,48,548
1,1,430,80,-0.5,20.0,-1.73,0.142,2.25,105,49,549
0,1,409,144,0.26,20.0,-1.73,0.142,2.25,105,49,550
0,1,459,48,0.03,20.0,-1.73,0.142,2.25,105,49,551
0,1,462,142,0.71,20.0,-1.73,0.142,2.25,105,49,552
0,1,480,3,-0.36,6.0,-0.72,0.142,3.5,212,49,553
0,1,503,77,-0.03,6.0,-0.72,0.142,3.5,212,49,554
0,0,458,66,-0.23,6.0,-0.72,0.142,3.5,212,49,555
0,1,459,92,1.84,6.0,-0.72,0.142,3.5,212,49,556
0,0,521,2,0.06,6.0,-0.78,0.044,2.0,25,50,557
1,0,507,70,-0.41,6.0,-0.78,0.044,2.0,25,50,558
0,0,506,63,1.23,6.0,-0.78,0.044,2.0,25,50,559
1,1,502,13,-0.28,6.0,-0.78,0.044,2.0,25,50,560
0,0,477,46,-0.01,18.0,-1.33,0.044,2.0,127,50,561
0,0,470,85,-0.64,18.0,-1.33,0.044,2.0,127,50,562
1,1,506,31,-0.6,18.0,-1.33,0.044,2.0,127,50,563
0,0,553,20,1.23,7.0,0.92,0.044,2.0,289,50,564
1,1,469,26,0.97,7.0,0.92,0.044,2.0,289,50,565
1,0,483,95,-0.22,7.0,0.92,0.044,2.0,289,50,566
0,1,479,26,-0.4,7.0,0.92,0.044,2.0,289,50,567
0,0,494,50,-0.02,7.0,0.92,0.044,2.0,289,50,568
1,0,472,62,-0.03,15.0,0.8,0.096,2.0,59,51,569
1,0,420,84,-0.09,15.0,0.8,0.096,2.0,59,51,570
0,1,454,35,0.2,15.0,0.8,0.096,2.0,59,51,571
0,1,495,45,-1.05,15.0,0.8,0.096,2.0,59,51,572
1,1,521,48,0.82,7.0,1.91,0.138,1.67,255,52,573
0,1,524,65,1.16,7.0,1.91,0.138,1.67,255,52,574
1,1,521,43,0.92,7.0,1.91,0.138,1.67,255,52,575
1,1,496,32,0.63,7.0,1.91,0.138,1.67,255,52,576
0,1,498,49,0.49,7.0,1.91,0.138,1.67,255,52,577
1,1,462,61,0.4,7.0,1.91,0.138,1.67,255,52,578
1,1,422,35,-1.03,30.0,-0.61,0.138,3.0,270,52,579
0,1,428,30,-1.51,30.0,-0.61,0.138,3.0,270,52,580
1,1,434,15,-0.53,30.0,-0.61,0.138,3.0,270,52,581
1,1,489,47,-0.03,27.0,0.47,0.101,2.0,14,53,582
1,1,434,65,-0.51,27.0,0.47,0.101,2.0,14,53,583
1,1,394,112,-0.03,27.0,0.47,0.101,2.0,14,53,584
0,1,488,142,-0.28,27.0,0.47,0.101,2.0,14,53,585
1,1,512,14,-0.99,32.0,0.22,0.101,2.5,149,53,586
0,1,520,46,-0.2,32.0,0.22,0.101,2.5,149,53,587
0,1,491,61,-0.03,32.0,0.22,0.101,2.5,149,53,588
1,0,460,91,-0.05,32.0,0.22,0.101,2.5,149,53,589
0,0,471,48,0.06,5.0,1.97,0.137,2.0,259,54,590
0,0,516,29,2.04,5.0,1.97,0.137,2.0,259,54,591
0,0,510,31,1.86,5.0,1.97,0.137,2.0,259,54,592
0,1,457,60,0.12,5.0,1.97,0.137,2.0,259,54,593
0,0,504,54,1.79,5.0,1.97,0.137,2.0,259,54,594
0,0,544,23,1.79,5.0,1.97,0.137,2.0,259,54,595
1,1,506,5,-0.71,5.0,1.97,0.137,2.0,259,54,596
1,0,451,32,2.93,5.0,1.97,0.137,2.0,259,54,597
0,0,515,16,-0.33,2.0,1.61,0.137,2.0,301,54,598
0,1,504,64,0.12,2.0,1.61,0.137,2.0,301,54,599
1,0,497,20,-0.18,20.0,-0.19,0.065,2.5,24,55,600
0,0,476,6,-0.62,24.0,-0.27,0.065,2.25,35,55,601
1,0,525,55,-0.03,24.0,-0.27,0.065,2.25,35,55,602
0,1,472,113,-1.28,24.0,-0.27,0.065,2.25,35,55,603
0,0,427,67,1.09,24.0,-0.27,0.065,2.25,35,55,604
1,0,446,62,0.45,2.0,-0.76,0.065,4.0,117,55,605
1,0,465,59,0.09,2.0,-0.76,0.065,4.0,117,55,606
0,0,498,46,0.17,2.0,-0.76,0.065,4.0,117,55,607
0,1,495,36,-1.02,2.0,-0.76,0.065,4.0,117,55,608
0,0,491,18,-0.32,2.0,-0.76,0.065,4.0,117,55,609
1,1,463,54,-1.15,2.0,-0.76,0.065,4.0,117,55,610
0,0,478,76,-0.8,2.0,-0.76,0.065,4.0,117,55,611
1,0,415,84,-0.24,2.0,-0.76,0.065,4.0,117,55,612
1,0,506,-4,-0.43,13.0,0.85,0.04,2.75,3,56,613
1,0,516,18,-0.26,13.0,0.85,0.04,2.75,3,56,614
0,0,456,33,-0.51,13.0,0.85,0.04,2.75,3,56,615
1,0,511,122,1.54,13.0,0.24,0.04,3.0,168,56,616
1,0,524,53,0.12,13.0,0.24,0.04,3.0,168,56,617
0,0,480,77,-0.37,13.0,0.24,0.04,3.0,168,56,618
0,0,521,26,0.07,13.0,0.24,0.04,3.0,168,56,619
0,0,505,55,0.38,13.0,0.24,0.04,3.0,168,56,620
0,0,482,85,0.02,13.0,0.24,0.04,3.0,168,56,621
0,0,470,56,-1.28,13.0,0.24,0.04,3.0,168,56,622
1,1,431,89,-0.96,33.0,-0.26,0.289,3.0,36,57,623
0,1,349,132,-0.76,9.0,0.65,0.289,3.5,40,57,624
1,1,465,127,0.19,9.0,0.65,0.289,3.5,40,57,625
1,1,474,22,-0.86,9.0,0.65,0.289,3.5,40,57,626
1,1,435,69,-1.14,19.0,0.57,0.289,2.5,171,57,627
1,1,484,39,-0.05,22.0,-0.41,0.289,3.0,250,57,628
0,1,498,52,-0.07,22.0,-0.41,0.289,3.0,250,57,629
0,1,466,34,-1.15,1.0,0.89,0.289,2.5,272,57,630
0,1,456,36,0.32,28.0,,0.101,6.0,12,58,631
1,0,480,62,0.55,28.0,,0.101,6.0,12,58,632
0,1,451,51,-0.8,28.0,,0.101,6.0,12,58,633
1,1,500,109,-0.28,28.0,,0.101,6.0,12,58,634
1,0,533,-8,0.05,28.0,,0.101,6.0,12,58,635
0,1,536,6,-0.85,5.0,-1.28,0.362,1.5,34,59,636
1,0,506,41,0.01,8.0,0.02,0.362,1.0,108,59,637
0,1,455,54,0.27,8.0,0.02,0.362,1.0,108,59,638
0,1,540,79,-0.28,8.0,0.02,0.362,1.0,108,59,639
1,1,482,102,-0.03,5.0,0.47,0.243,1.0,121,60,640
0,1,493,122,-0.03,5.0,0.47,0.243,1.0,121,60,641
0,1,445,72,-0.03,5.0,0.47,0.243,1.0,121,60,642
1,1,432,36,-0.03,5.0,0.47,0.243,1.0,121,60,643
0,1,445,118,-0.68,5.0,0.47,0.243,1.0,121,60,644
0,1,415,79,-0.03,5.0,0.47,0.243,1.0,121,60,645
1,1,443,59,-0.03,5.0,-1.43,0.243,2.0,242,60,646
1,1,428,78,-0.73,5.0,-1.43,0.243,2.0,242,60,647
0,1,449,74,-0.07,5.0,-1.43,0.243,2.0,242,60,648
0,1,492,79,-0.03,5.0,-1.43,0.243,2.0,242,60,649
0,1,515,24,0.3,5.0,-1.43,0.243,2.0,242,60,650
0,1,489,23,-0.03,5.0,-1.43,0.243,2.0,242,60,651
1,1,470,94,-0.03,5.0,-1.43,0.243,2.0,242,60,652
0,1,442,35,-0.09,2.0,-0.72,0.335,2.5,1,61,653
0,1,422,109,-1.32,2.0,-0.72,0.335,2.5,1,61,654
1,1,482,66,0.43,2.0,-0.72,0.335,2.5,1,61,655
1,1,489,19,-0.06,2.0,-0.72,0.335,2.5,1,61,656
0,1,460,10,-1.28,2.0,-0.72,0.335,2.5,1,61,657
0,1,448,52,-0.03,1.0,-0.72,0.335,2.0,124,61,658
1,1,449,15,-0.03,0.0,0.89,0.335,2.0,192,61,659
1,1,441,37,-1.35,0.0,0.89,0.335,2.0,192,61,660
1,1,503,22,-1.21,4.0,0.84,0.335,4.25,267,61,661
1,1,454,50,-1.06,4.0,0.84,0.335,4.25,267,61,662
0,1,456,62,-1.03,4.0,0.84,0.335,4.25,267,61,663
1,0,629,-84,2.33,13.0,0.89,0.17,2.74,22,62,664
1,0,501,179,2.0,13.0,0.89,0.17,2.74,22,62,665
0,0,589,11,2.43,13.0,0.89,0.17,2.74,22,62,666
0,0,524,65,0.46,13.0,0.89,0.17,2.74,22,62,667
1,0,466,78,3.16,13.0,0.89,0.17,2.74,22,62,668
1,0,502,41,0.46,13.0,0.89,0.17,2.74,22,62,669
1,0,532,55,1.06,13.0,0.89,0.17,2.74,22,62,670
0,0,500,57,0.08,13.0,0.89,0.17,2.74,22,62,671
1,0,527,37,2.06,32.0,0.89,0.17,2.3,46,62,672
0,0,496,61,3.21,32.0,0.89,0.17,2.3,46,62,673
1,0,596,23,0.73,32.0,0.89,0.17,2.3,46,62,674
0,0,499,112,1.81,32.0,0.89,0.17,2.3,46,62,675
0,1,419,67,1.22,32.0,0.89,0.17,2.3,46,62,676
1,1,474,17,0.04,24.0,0.96,0.072,2.0,310,63,677
0,0,510,84,-0.67,24.0,0.96,0.072,2.0,310,63,678
0,1,496,64,-0.55,24.0,0.96,0.072,2.0,310,63,679
0,1,432,76,-0.86,8.0,-0.42,0.18,3.5,38,64,680
1,0,436,77,0.07,8.0,-0.42,0.18,3.5,38,64,681
0,1,472,49,0.18,8.0,-0.42,0.18,3.5,38,64,682
0,0,420,79,-0.69,8.0,-0.42,0.18,3.5,38,64,683
1,1,447,97,0.75,8.0,-0.42,0.18,3.5,38,64,684
0,0,463,40,-0.03,8.0,-0.42,0.18,3.5,38,64,685
1,1,429,67,0.11,8.0,-0.42,0.18,3.5,38,64,686
0,0,494,32,-0.02,4.0,-0.51,0.18,2.0,294,64,687
1,1,449,95,-0.08,4.0,-0.51,0.18,2.0,294,64,688
0,1,465,62,-0.03,4.0,-0.51,0.18,2.0,294,64,689
1,1,466,17,-0.71,40.0,-1.36,0.05,5.0,95,65,690
1,0,448,25,0.01,40.0,-1.36,0.05,5.0,95,65,691
0,1,524,52,0.3,3.0,0.89,0.05,2.5,128,65,692
1,1,466,88,-0.63,3.0,0.89,0.05,2.5,128,65,693
0,0,521,76,1.29,3.0,0.89,0.05,2.5,128,65,694
1,1,408,69,-0.72,3.0,0.89,0.05,2.5,128,65,695
0,1,474,23,-0.45,2.0,-1.07,0.05,3.75,284,65,696
1,0,521,65,-0.99,2.0,-1.07,0.05,3.75,284,65,697
0,0,503,92,1.17,2.0,-1.07,0.05,3.75,284,65,698
0,0,514,64,-0.03,29.0,-0.54,0.509,2.17,91,66,699
1,1,478,56,-0.2,29.0,-0.54,0.509,2.17,91,66,700
0,0,443,84,0.06,29.0,-0.54,0.509,2.17,91,66,701
1,0,445,53,0.22,29.0,-0.54,0.509,2.17,91,66,702
0,0,474,61,0.61,16.0,0.0,0.509,2.75,218,66,703
0,0,500,38,1.79,16.0,0.0,0.509,2.75,218,66,704
0,0,464,57,-0.62,29.0,0.75,0.509,3.0,269,66,705
0,0,506,66,-0.07,29.0,0.75,0.509,3.0,269,66,706
0,1,413,102,0.25,5.0,1.08,0.339,5.33,4,67,707
0,1,427,86,-0.12,5.0,1.08,0.339,5.33,4,67,708
0,1,482,66,-0.7,5.0,1.08,0.339,5.33,4,67,709
0,1,430,106,-0.53,5.0,1.08,0.339,5.33,4,67,710
1,1,441,79,-0.46,5.0,1.08,0.339,5.33,4,67,711
0,1,429,110,-0.75,5.0,1.08,0.339,5.33,4,67,712
1,1,401,107,0.05,17.0,-1.02,0.339,3.5,73,67,713
1,1,513,55,0.06,17.0,-1.02,0.339,3.5,73,67,714
1,1,437,82,-1.45,17.0,-1.02,0.339,3.5,73,67,715
1,1,479,32,-0.71,18.0,-0.66,0.339,1.0,245,67,716
0,1,431,57,-1.04,18.0,-0.66,0.339,1.0,245,67,717
1,0,436,79,-0.03,18.0,-0.66,0.339,1.0,245,67,718
1,1,542,36,-0.55,23.0,0.04,0.209,1.5,57,68,719
0,1,487,44,-1.24,23.0,0.04,0.209,1.5,57,68,720
0,1,501,39,-0.36,23.0,0.04,0.209,1.5,57,68,721
1,1,463,86,-0.83,23.0,0.04,0.209,1.5,57,68,722
1,1,290,214,-0.67,16.0,-0.07,0.209,6.0,244,68,723
1,1,488,75,-0.57,7.0,-0.75,0.209,2.0,263,68,724
1,1,508,29,-0.34,7.0,-0.75,0.209,2.0,263,68,725
1,1,489,71,-0.71,7.0,-0.75,0.209,2.0,263,68,726
0,1,491,29,-0.8,23.0,-1.06,0.209,3.17,271,68,727
1,1,435,91,-0.57,23.0,-1.06,0.209,3.17,271,68,728
1,1,414,93,-1.15,23.0,-1.06,0.209,3.17,271,68,729
0,1,409,128,-0.96,26.0,-0.71,0.209,1.67,298,68,730
1,1,490,52,-0.16,26.0,-0.71,0.209,1.67,298,68,731
1,1,500,59,-0.16,26.0,-0.71,0.209,1.67,298,68,732
1,1,473,79,-1.21,26.0,-0.71,0.209,1.67,298,68,733
1,1,423,123,0.88,26.0,-0.71,0.209,1.67,298,68,734
0,1,365,107,-0.03,0.0,-0.52,0.523,2.0,90,69,735
1,1,443,66,-0.76,0.0,-0.52,0.523,2.0,90,69,736
0,1,431,83,1.03,6.0,-0.72,0.523,2.0,290,69,737
0,1,425,45,-0.64,6.0,-0.72,0.523,2.0,290,69,738
1,1,456,22,0.55,6.0,-0.72,0.523,2.0,290,69,739
0,1,484,96,-1.15,3.0,-1.28,0.43,2.0,83,70,740
0,1,464,45,-1.19,3.0,-1.28,0.43,2.0,83,70,741
1,1,509,53,-0.46,3.0,-1.28,0.43,2.0,83,70,742
1,1,463,68,-1.45,3.0,-1.28,0.43,2.0,83,70,743
0,1,400,107,-0.09,3.0,-1.28,0.43,2.0,83,70,744
1,1,418,108,-1.15,3.0,-1.28,0.43,2.0,83,70,745
1,1,403,117,-0.59,3.0,-1.28,0.43,2.0,83,70,746
1,1,405,62,-0.36,5.0,1.15,0.43,2.33,146,70,747
0,1,428,145,0.11,5.0,1.15,0.43,2.33,146,70,748
0,1,496,63,0.16,5.0,1.15,0.43,2.33,146,70,749
1,1,471,45,-1.27,6.0,-0.3,0.43,3.25,152,70,750
1,1,434,36,-1.25,6.0,-0.3,0.43,3.25,152,70,751
1,1,447,69,-0.98,6.0,-0.3,0.43,3.25,152,70,752
1,1,481,66,-1.45,6.0,-0.3,0.43,3.25,152,70,753
0,1,368,218,-1.14,6.0,-0.3,0.43,3.25,152,70,754
1,1,439,54,-0.49,6.0,-0.3,0.43,3.25,152,70,755
0,1,468,68,-0.03,0.0,0.12,0.43,2.5,261,70,756
1,1,466,81,-1.02,3.0,-1.22,0.43,4.5,311,70,757
0,1,514,32,-0.31,3.0,-1.22,0.43,4.5,311,70,758
1,0,488,45,1.21,8.0,1.24,0.085,2.5,80,71,759
0,0,459,95,0.14,8.0,1.24,0.085,2.5,80,71,760
0,1,459,24,-0.03,8.0,1.24,0.085,2.5,80,71,761
0,0,551,10,1.16,8.0,1.24,0.085,2.5,80,71,762
0,0,500,68,1.09,8.0,1.24,0.085,2.5,80,71,763
0,1,455,60,-0.78,8.0,1.24,0.085,2.5,80,71,764
1,0,551,82,-0.19,31.0,0.45,0.085,2.0,120,71,765
0,0,485,80,-0.05,31.0,0.45,0.085,2.0,120,71,766
0,0,537,104,2.07,31.0,0.45,0.085,2.0,120,71,767
1,0,499,85,1.08,31.0,0.45,0.085,2.0,120,71,768
0,0,494,35,0.1,31.0,0.45,0.085,2.0,120,71,769
0,0,502,54,0.93,31.0,0.45,0.085,2.0,120,71,770
1,0,545,39,0.8,31.0,0.45,0.085,2.0,120,71,771
1,0,527,50,1.27,31.0,0.45,0.085,2.0,120,71,772
1,0,523,70,-0.69,3.0,0.51,0.085,3.0,209,71,773
1,0,517,80,0.16,3.0,0.51,0.085,3.0,209,71,774
1,0,561,34,0.91,5.0,1.25,0.085,1.83,264,71,775
1,0,452,49,2.06,5.0,1.25,0.085,1.83,264,71,776
1,1,477,1,0.02,5.0,1.25,0.085,1.83,264,71,777
0,0,480,43,-0.2,5.0,1.25,0.085,1.83,264,71,778
1,0,556,2,0.72,5.0,1.25,0.085,1.83,264,71,779
1,0,473,55,0.28,5.0,1.25,0.085,1.83,264,71,780
1,0,543,78,0.8,5.0,1.25,0.085,1.83,264,71,781
0,0,502,63,0.24,10.0,-0.01,0.085,3.83,304,71,782
0,0,513,10,0.97,10.0,-0.01,0.085,3.83,304,71,783
1,0,446,72,0.3,10.0,-0.01,0.085,3.83,304,71,784
0,1,506,29,0.46,10.0,-0.01,0.085,3.83,304,71,785
0,0,542,77,0.6,19.0,0.12,0.249,2.5,29,72,786
0,0,469,88,0.8,19.0,0.12,0.249,2.5,29,72,787
1,1,510,20,-0.38,19.0,0.12,0.249,2.5,29,72,788
0,0,523,28,-0.22,26.0,-0.67,0.249,3.0,148,72,789
0,0,510,51,0.56,26.0,-0.67,0.249,3.0,148,72,790
1,0,532,47,-0.37,26.0,-0.67,0.249,3.0,148,72,791
1,0,498,37,0.37,26.0,-0.67,0.249,3.0,148,72,792
1,0,524,113,1.95,4.0,-0.38,0.249,2.0,243,72,793
1,0,520,16,0.69,4.0,-0.38,0.249,2.0,243,72,794
1,1,488,53,0.27,4.0,-0.38,0.249,2.0,243,72,795
0,1,478,28,0.62,4.0,-0.38,0.249,2.0,243,72,796
1,1,489,70,-0.03,16.0,1.62,0.117,2.5,213,73,797
0,1,426,44,-0.72,16.0,1.62,0.117,2.5,213,73,798
0,1,442,28,-0.07,16.0,1.62,0.117,2.5,213,73,799
0,1,422,93,-0.55,18.0,,0.117,2.3,276,73,800
0,1,466,46,-0.11,18.0,,0.117,2.3,276,73,801
1,1,523,37,0.54,18.0,,0.117,2.3,276,73,802
0,1,393,95,-0.84,18.0,,0.117,2.3,276,73,803
0,1,436,51,0.17,18.0,,0.117,2.3,276,73,804
1,1,435,11,-0.04,18.0,,0.117,2.3,276,73,805
1,1,479,38,0.47,18.0,,0.117,2.3,276,73,806
0,0,411,118,-0.61,34.0,-1.64,0.202,3.0,232,74,807
0,0,496,-2,0.62,34.0,-1.64,0.202,3.0,232,74,808
0,1,433,59,-0.98,34.0,-0.03,0.202,3.83,295,74,809
1,1,490,60,-0.03,6.0,-1.46,0.367,1.83,39,75,810
1,1,452,66,-0.88,6.0,-1.46,0.367,1.83,39,75,811
0,0,510,147,-0.47,2.0,-0.19,0.367,2.5,42,75,812
1,1,461,106,0.39,2.0,-0.19,0.367,2.5,42,75,813
1,1,457,36,0.09,2.0,-0.19,0.367,2.5,42,75,814
0,1,438,53,-1.52,2.0,-0.19,0.367,2.5,42,75,815
1,1,486,57,-0.96,2.0,-0.19,0.367,2.5,42,75,816
0,0,504,97,0.27,2.0,-0.19,0.367,2.5,42,75,817
1,1,455,58,-0.86,2.0,-0.19,0.367,2.5,42,75,818
1,0,436,116,-0.61,2.0,-0.19,0.367,2.5,42,75,819
1,1,451,80,-1.08,2.0,-0.19,0.367,2.5,42,75,820
1,1,508,58,-0.04,2.0,-0.19,0.367,2.5,42,75,821
1,1,533,19,-0.09,2.0,0.06,0.367,2.0,154,75,822
1,1,476,110,0.02,2.0,0.06,0.367,2.0,154,75,823
1,1,396,78,-1.06,1.0,-0.27,0.367,2.0,181,75,824
0,0,428,23,-1.0,8.0,0.41,0.161,3.0,8,76,825
0,0,482,58,0.81,8.0,0.41,0.161,3.0,8,76,826
0,0,523,25,0.46,8.0,0.41,0.161,3.0,8,76,827
1,0,505,-15,0.41,8.0,0.41,0.161,3.0,8,76,828
0,1,429,46,0.17,21.0,2.14,0.161,2.3,28,76,829
0,0,290,152,-0.45,21.0,2.14,0.161,2.3,28,76,830
1,1,485,62,-0.83,21.0,2.14,0.161,2.3,28,76,831
1,0,495,19,-0.22,21.0,2.14,0.161,2.3,28,76,832
1,0,470,13,0.04,21.0,2.14,0.161,2.3,28,76,833
0,1,456,38,0.16,29.0,0.85,0.161,2.33,136,76,834
0,1,474,58,0.03,29.0,0.85,0.161,2.33,136,76,835
0,1,480,-10,0.1,29.0,0.85,0.161,2.33,136,76,836
0,0,458,61,0.41,29.0,0.85,0.161,2.33,136,76,837
1,0,438,56,-0.35,29.0,0.85,0.161,2.33,136,76,838
0,0,449,69,0.19,29.0,0.85,0.161,2.33,136,76,839
1,0,455,73,-0.91,13.0,0.89,0.161,2.3,277,76,840
1,0,458,-3,-0.14,13.0,0.89,0.161,2.3,277,76,841
1,0,503,25,0.17,13.0,0.89,0.161,2.3,277,76,842
1,0,469,33,0.84,13.0,0.89,0.161,2.3,277,76,843
0,0,426,19,-0.23,13.0,0.89,0.161,2.3,277,76,844
1,0,451,60,0.63,13.0,0.89,0.161,2.3,277,76,845
1,0,437,35,0.07,13.0,0.89,0.161,2.3,277,76,846
0,0,485,50,-0.14,5.0,2.61,0.161,3.25,287,76,847
0,0,441,59,0.1,5.0,2.61,0.161,3.25,287,76,848
0,0,433,46,-0.32,5.0,2.61,0.161,3.25,287,76,849
1,0,439,61,0.45,5.0,2.61,0.161,3.25,287,76,850
0,0,417,75,-0.12,5.0,2.61,0.161,3.25,287,76,851
0,0,463,59,1.1,7.0,-0.75,0.041,1.0,27,77,852
1,0,482,60,1.72,7.0,-0.75,0.041,1.0,27,77,853
0,0,469,72,1.04,7.0,-0.75,0.041,1.0,27,77,854
0,0,450,17,0.72,7.0,-0.75,0.041,1.0,27,77,855
1,0,453,52,0.2,7.0,-0.75,0.041,1.0,27,77,856
1,0,522,52,0.08,7.0,-0.75,0.041,1.0,27,77,857
1,0,468,58,0.69,12.54,,0.041,2.3,53,77,858
0,0,458,125,1.6,12.54,,0.041,2.3,53,77,859
1,0,514,5,0.56,12.54,,0.041,2.3,53,77,860
0,0,427,71,-0.03,12.54,,0.041,2.3,53,77,861
1,0,501,56,1.11,12.54,,0.041,2.3,53,77,862
1,0,471,57,-0.32,29.0,-0.47,0.041,5.0,189,77,863
1,0,515,28,1.42,29.0,-0.47,0.041,5.0,189,77,864
0,0,431,101,0.22,29.0,-0.47,0.041,5.0,189,77,865
0,0,500,44,1.27,29.0,-0.47,0.041,5.0,189,77,866
0,0,477,27,-0.09,29.0,-0.47,0.041,5.0,189,77,867
1,0,489,64,1.0,29.0,-0.47,0.041,5.0,189,77,868
1,0,484,65,0.27,29.0,-0.47,0.041,5.0,189,77,869
1,0,475,49,1.29,29.0,-0.47,0.041,5.0,189,77,870
0,0,514,67,1.06,29.0,-0.47,0.041,5.0,189,77,871
0,0,493,33,0.55,5.0,-0.66,0.041,2.25,305,77,872
0,0,514,31,0.82,5.0,-0.66,0.041,2.25,305,77,873
1,0,497,81,1.29,5.0,-0.66,0.041,2.25,305,77,874
0,0,510,57,-0.09,5.0,-0.66,0.041,2.25,305,77,875
0,1,474,56,-0.03,13.0,0.62,0.407,2.0,13,78,876
0,1,478,12,-0.03,13.0,0.62,0.407,2.0,13,78,877
1,1,482,49,0.81,13.0,0.62,0.407,2.0,13,78,878
0,1,463,24,0.01,13.0,0.62,0.407,2.0,13,78,879
0,1,461,75,-0.21,13.0,0.62,0.407,2.0,13,78,880
0,1,512,25,-0.61,13.0,0.62,0.407,2.0,13,78,881
1,1,439,77,-0.94,13.0,0.62,0.407,2.0,13,78,882
1,1,473,6,0.06,13.0,0.62,0.407,2.0,13,78,883
0,1,435,26,-1.29,13.0,0.62,0.407,2.0,13,78,884
0,1,419,85,-1.06,2.0,,0.407,1.5,111,78,885
1,1,430,30,-0.46,2.0,,0.407,1.5,111,78,886
1,1,476,13,-0.47,2.0,,0.407,1.5,111,78,887
1,1,472,40,-1.09,0.0,-0.52,0.407,2.0,183,78,888
0,1,427,11,-0.03,0.0,-0.52,0.407,2.0,183,78,889
1,1,488,2,-0.03,0.0,-0.52,0.407,2.0,183,78,890
1,1,436,50,-1.21,4.0,0.12,0.351,2.0,23,79,891
1,1,462,43,1.57,2.0,-1.56,0.351,2.0,112,79,892
1,1,401,74,-0.22,2.0,-1.56,0.351,2.0,112,79,893
1,1,468,31,0.36,2.0,-1.28,0.351,2.5,253,79,894
1,1,451,87,1.33,2.0,-1.28,0.351,2.5,253,79,895
1,1,531,24,0.92,2.0,-1.28,0.351,2.5,253,79,896
0,1,438,139,0.11,2.0,-1.28,0.351,2.5,253,79,897
1,1,467,49,-0.13,2.0,-1.28,0.351,2.5,253,79,898
0,1,506,24,1.13,2.0,-1.28,0.351,2.5,253,79,899
1,1,457,96,-0.17,2.0,-1.28,0.351,2.5,253,79,900
1,1,402,55,-1.26,2.0,-1.28,0.351,2.5,253,79,901
0,1,473,92,0.18,2.0,-1.28,0.351,2.5,253,79,902
1,1,432,110,0.51,9.0,-1.04,0.19,2.42,222,80,903
0,1,433,73,-0.94,9.0,-1.04,0.19,2.42,222,80,904
1,1,484,69,-0.37,9.0,-1.04,0.19,2.42,222,80,905
1,1,457,101,-0.08,9.0,-1.04,0.19,2.42,222,80,906
0,1,449,52,-0.51,13.0,0.96,0.19,4.0,308,80,907
0,1,481,74,-0.14,13.0,0.96,0.19,4.0,308,80,908
1,1,466,43,-0.37,13.0,0.96,0.19,4.0,308,80,909
1,1,461,74,-0.66,11.0,1.96,0.21,2.5,116,81,910
1,1,447,102,-0.51,11.0,1.96,0.21,2.5,116,81,911
1,1,474,90,0.04,11.0,1.75,0.21,2.0,174,81,912
0,0,430,74,-0.03,11.0,1.75,0.21,2.0,174,81,913
1,0,452,44,-0.67,11.0,1.75,0.21,2.0,174,81,914
1,0,428,53,-0.42,11.0,1.75,0.21,2.0,174,81,915
0,1,452,66,-0.73,11.0,1.75,0.21,2.0,174,81,916
1,0,485,40,-0.78,11.0,1.75,0.21,2.0,174,81,917
1,1,458,48,-0.44,11.0,1.75,0.21,2.0,174,81,918
0,1,443,60,-0.33,7.0,,0.103,2.0,164,82,919
0,0,407,79,-0.33,7.0,,0.103,2.0,164,82,920
0,0,424,93,0.93,7.0,,0.103,2.0,164,82,921
0,0,463,23,0.53,7.0,,0.103,2.0,164,82,922
0,0,499,26,0.51,7.0,,0.103,2.0,164,82,923
0,0,432,80,-0.21,20.0,1.95,0.103,2.25,169,82,924
1,0,479,109,0.71,20.0,1.95,0.103,2.25,169,82,925
0,0,443,86,1.11,20.0,1.95,0.103,2.25,169,82,926
1,0,444,26,-0.27,20.0,1.95,0.103,2.25,169,82,927
1,0,513,51,0.95,20.0,1.95,0.103,2.25,169,82,928
1,0,484,48,1.28,20.0,1.95,0.103,2.25,169,82,929
0,1,353,46,-1.17,1.0,0.89,0.103,2.25,184,82,930
0,0,450,49,1.57,1.0,0.89,0.103,2.25,184,82,931
0,0,472,55,0.52,1.0,0.89,0.103,2.25,184,82,932
0,0,441,39,1.53,1.0,0.89,0.103,2.25,184,82,933
0,0,487,36,0.01,1.0,0.89,0.103,2.25,184,82,934
1,0,450,30,-0.27,3.0,-1.12,0.103,2.5,225,82,935
1,0,431,66,-0.08,3.0,-1.12,0.103,2.5,225,82,936
0,0,450,74,0.26,3.0,-1.12,0.103,2.5,225,82,937
1,1,437,55,0.11,11.0,1.5,0.141,6.0,165,83,938
1,0,529,77,-1.15,11.0,1.5,0.141,6.0,165,83,939
1,1,423,93,-0.44,11.0,1.5,0.141,6.0,165,83,940
1,1,480,60,-0.36,11.0,1.5,0.141,6.0,165,83,941
1,1,498,40,-0.4,11.0,1.5,0.141,6.0,165,83,942
0,1,512,76,1.8,11.0,1.5,0.141,6.0,165,83,943
1,1,466,22,-1.31,10.0,-0.35,0.141,3.5,235,83,944
0,1,447,10,-0.54,10.0,-0.35,0.141,3.5,235,83,945
1,1,492,74,-0.24,10.0,-0.35,0.141,3.5,235,83,946
0,1,492,45,0.01,10.0,-0.35,0.141,3.5,235,83,947
1,1,467,67,0.27,10.0,-0.35,0.141,3.5,235,83,948
0,1,476,54,0.38,10.0,-0.35,0.141,3.5,235,83,949
0,1,398,86,-0.06,2.0,-1.89,0.255,2.0,76,84,950
1,1,407,60,-1.26,2.0,-1.89,0.255,2.0,76,84,951
1,1,430,96,-0.03,2.0,-1.89,0.255,2.0,76,84,952
1,1,471,58,-0.31,2.0,-1.89,0.255,2.0,76,84,953
1,1,449,42,-0.72,2.0,,0.255,1.5,143,84,954
1,1,406,107,-0.93,2.0,,0.255,1.5,143,84,955
1,1,459,129,0.02,2.0,,0.255,1.5,143,84,956
0,1,436,75,-0.05,2.0,,0.255,1.5,143,84,957
1,1,430,84,-0.81,2.0,,0.255,1.5,143,84,958
0,1,418,85,-0.99,2.0,,0.255,1.5,143,84,959
1,1,392,108,-0.59,1.0,-0.69,0.255,1.5,161,84,960
0,1,484,28,-0.45,1.0,-0.69,0.255,1.5,161,84,961
0,1,418,88,-1.02,1.0,-0.69,0.255,1.5,161,84,962
1,1,427,96,-0.71,1.0,-0.69,0.255,1.5,161,84,963
0,0,520,29,0.33,28.0,1.44,0.107,2.17,66,85,964
1,0,561,-13,1.72,28.0,1.44,0.107,2.17,66,85,965
0,0,473,66,-0.38,28.0,1.44,0.107,2.17,66,85,966
0,0,513,25,0.68,28.0,1.44,0.107,2.17,66,85,967
0,0,517,44,0.96,28.0,1.44,0.107,2.17,66,85,968
1,0,523,79,-0.11,28.0,1.44,0.107,2.17,66,85,969
1,0,514,65,-0.74,23.0,-0.52,0.107,4.0,84,85,970
0,0,527,59,-0.11,30.0,,0.107,2.0,157,85,971
0,0,458,99,0.98,30.0,,0.107,2.0,157,85,972
1,0,516,13,0.15,30.0,,0.107,2.0,157,85,973
1,0,526,79,0.7,30.0,,0.107,2.0,157,85,974
0,0,510,-4,-1.21,1.0,0.28,0.107,2.75,186,85,975
1,0,509,17,0.01,1.0,0.28,0.107,2.75,186,85,976
1,0,502,55,-0.76,1.0,0.28,0.107,2.75,186,85,977
0,0,496,-10,-0.64,1.0,0.28,0.107,2.75,186,85,978
1,0,389,136,-0.18,1.0,0.28,0.107,2.75,186,85,979
0,0,532,30,0.29,1.0,0.28,0.107,2.75,186,85,980
1,0,547,133,0.28,16.0,-0.27,0.107,2.0,196,85,981
1,0,515,96,0.72,16.0,-0.27,0.107,2.0,196,85,982
0,0,448,58,0.12,16.0,-0.27,0.107,2.0,196,85,983
0,1,525,20,0.26,16.0,1.5,0.537,3.25,65,86,984
0,1,431,-28,0.56,2.0,0.0,0.537,2.5,132,86,985
0,1,453,63,-0.11,2.0,0.0,0.537,2.5,132,86,986
1,1,465,41,-0.12,2.0,0.0,0.537,2.5,132,86,987
0,1,446,52,1.27,9.0,-1.21,0.537,2.5,275,86,988
1,1,468,42,0.87,9.0,-1.21,0.537,2.5,275,86,989
0,1,441,51,-0.25,9.0,-1.21,0.537,2.5,275,86,990
0,1,477,67,-0.03,1.0,0.19,0.306,4.0,21,87,991
0,1,486,42,-0.61,1.0,0.19,0.306,4.0,21,87,992
0,1,499,35,-0.03,1.0,0.19,0.306,4.0,21,87,993
0,1,471,52,-0.03,1.0,0.19,0.306,4.0,21,87,994
1,1,531,17,-0.67,1.0,-0.23,0.306,2.0,72,87,995
1,1,494,57,-0.33,1.0,-0.23,0.306,2.0,72,87,996
0,1,497,63,-1.29,1.0,-0.23,0.306,2.0,72,87,997
0,1,537,2,-0.62,21.0,-0.4,0.306,1.5,106,87,998
1,1,482,46,0.51,21.0,-0.4,0.306,1.5,106,87,999
1,1,446,77,-0.86,4.0,-1.2,0.306,4.5,187,87,1000
1,1,460,2,-1.48,8.0,-0.64,0.546,2.0,67,88,1001
1,1,488,40,-1.02,8.0,-0.64,0.546,2.0,67,88,1002
1,1,451,18,-0.03,5.0,-1.37,0.546,2.0,312,88,1003
0,1,421,52,0.6,5.0,-1.37,0.546,2.0,312,88,1004
1,1,374,69,0.66,5.0,-1.37,0.546,2.0,312,88,1005
1,1,428,51,-0.48,5.0,-1.37,0.546,2.0,312,88,1006
1,1,513,39,0.76,1.0,-0.73,0.092,1.0,292,89,1007
0,1,491,11,-0.25,1.0,-0.73,0.092,1.0,292,89,1008
1,1,427,80,-0.38,1.0,-0.73,0.092,1.0,292,89,1009
0,1,524,69,1.11,1.0,-0.73,0.092,1.0,292,89,1010
1,1,453,34,-0.24,13.0,-0.09,0.259,2.0,52,90,1011
0,1,506,-13,-0.13,13.0,-0.09,0.259,2.0,52,90,1012
0,1,424,130,0.01,27.0,0.96,0.259,4.0,238,90,1013
1,1,495,34,0.64,12.54,,0.047,2.3,15,91,1014
1,1,454,32,0.18,10.0,-0.76,0.047,1.0,45,91,1015
1,1,462,39,0.5,10.0,-0.76,0.047,1.0,45,91,1016
0,1,517,30,0.42,10.0,-0.76,0.047,1.0,45,91,1017
0,1,448,39,2.02,10.0,-0.76,0.047,1.0,45,91,1018
0,1,489,-18,1.0,10.0,-0.76,0.047,1.0,45,91,1019
1,1,423,102,0.11,10.0,-0.64,0.047,1.25,151,91,1020
0,1,461,53,-0.06,10.0,-0.64,0.047,1.25,151,91,1021
0,1,435,42,-0.62,9.0,-0.14,0.047,1.0,231,91,1022
1,1,422,85,-0.03,9.0,-0.14,0.047,1.0,231,91,1023
1,1,473,70,-0.36,9.0,-0.14,0.047,1.0,231,91,1024
0,0,477,43,-0.3,9.0,-0.14,0.047,1.0,231,91,1025
0,0,536,46,1.08,9.0,-0.14,0.047,1.0,231,91,1026
1,1,429,54,1.12,9.0,-0.14,0.047,1.0,231,91,1027
1,1,424,66,0.7,9.0,-0.14,0.047,1.0,231,91,1028
0,1,446,58,-0.05,9.0,-0.14,0.047,1.0,231,91,1029
1,1,485,48,0.05,3.0,0.1,0.114,2.5,173,92,1030
1,0,473,60,0.17,3.0,0.1,0.114,2.5,173,92,1031
1,1,448,34,0.72,14.0,-0.65,0.114,2.25,199,92,1032
0,0,569,93,0.91,33.0,-0.61,0.114,2.0,248,92,1033
1,1,460,45,-0.14,33.0,-0.61,0.114,2.0,248,92,1034
0,1,433,67,0.0,33.0,-0.61,0.114,2.0,248,92,1035
1,1,438,75,-0.03,33.0,-0.61,0.114,2.0,248,92,1036
0,0,477,58,0.02,33.0,-0.61,0.114,2.0,248,92,1037
1,1,443,97,-0.14,33.0,-0.61,0.114,2.0,248,92,1038
1,0,483,63,0.65,26.0,2.61,0.068,2.5,123,93,1039
0,0,476,31,0.54,26.0,2.61,0.068,2.5,123,93,1040
0,0,542,58,0.11,26.0,2.61,0.068,2.5,123,93,1041
1,0,495,37,0.36,26.0,2.61,0.068,2.5,123,93,1042
0,0,492,54,1.28,26.0,2.61,0.068,2.5,123,93,1043
0,1,502,30,0.08,26.0,2.61,0.068,2.5,123,93,1044
1,0,524,34,0.41,26.0,2.61,0.068,2.5,123,93,1045
1,1,465,51,-1.35,26.0,2.61,0.068,2.5,123,93,1046
0,0,532,-6,-0.03,10.0,-0.82,0.068,2.5,126,93,1047
0,0,534,28,-0.03,10.0,-0.82,0.068,2.5,126,93,1048
1,0,468,43,0.62,10.0,-0.82,0.068,2.5,126,93,1049
0,0,489,14,0.02,10.0,-0.82,0.068,2.5,126,93,1050
0,0,482,48,0.41,10.0,-0.82,0.068,2.5,126,93,1051
0,1,493,28,0.67,10.0,-0.82,0.068,2.5,126,93,1052
1,0,460,72,0.69,10.0,,0.068,2.0,182,93,1053
1,1,480,51,0.08,10.0,,0.068,2.0,182,93,1054
1,1,499,78,0.02,10.0,,0.068,2.0,182,93,1055
1,0,531,59,0.42,10.0,,0.068,2.0,182,93,1056
0,0,509,34,0.0,10.0,,0.068,2.0,182,93,1057
1,0,517,42,0.01,12.54,,0.068,2.3,194,93,1058
1,0,532,30,-0.13,12.54,,0.068,2.3,194,93,1059
0,1,471,83,-0.08,8.0,-0.52,0.127,3.0,134,94,1060
1,1,464,92,0.44,8.0,-0.52,0.127,3.0,134,94,1061
1,1,485,97,0.13,8.0,-0.52,0.127,3.0,134,94,1062
0,1,470,125,0.55,8.0,-0.52,0.127,3.0,134,94,1063
0,1,430,58,0.12,22.0,-2.5,0.127,3.0,224,94,1064
0,1,478,44,0.33,22.0,-2.5,0.127,3.0,224,94,1065
1,1,459,42,-0.03,22.0,-2.5,0.127,3.0,224,94,1066
0,1,452,63,-0.87,22.0,-2.5,0.127,3.0,224,94,1067
1,1,500,74,-0.05,22.0,-2.5,0.127,3.0,224,94,1068
1,1,386,72,-0.25,18.0,0.12,0.127,1.0,282,94,1069
0,1,367,112,0.23,18.0,0.12,0.127,1.0,282,94,1070
1,1,426,109,-0.23,18.0,1.55,0.127,1.0,306,94,1071
1,1,410,121,0.61,18.0,1.55,0.127,1.0,306,94,1072
1,0,428,95,-0.25,18.0,1.55,0.127,1.0,306,94,1073
1,1,476,51,-1.06,18.0,1.55,0.127,1.0,306,94,1074
1,1,523,43,1.36,10.0,-1.39,0.067,2.0,140,95,1075
1,1,488,51,0.73,10.0,-1.39,0.067,2.0,140,95,1076
0,0,500,35,-0.33,2.0,0.12,0.067,2.0,144,95,1077
1,1,290,203,-0.32,2.0,0.12,0.067,2.0,144,95,1078
1,0,539,5,0.33,2.0,0.12,0.067,2.0,144,95,1079
1,0,447,43,-0.45,20.0,,0.107,2.3,109,96,1080
0,1,427,70,-0.2,20.0,,0.107,2.3,109,96,1081
1,1,453,40,0.35,20.0,,0.107,2.3,109,96,1082
1,1,494,43,-0.45,20.0,,0.107,2.3,109,96,1083
1,1,501,12,0.32,26.0,-0.72,0.107,2.17,185,96,1084
0,1,463,53,0.15,0.0,-0.72,0.107,2.0,237,96,1085
1,1,459,52,-0.23,0.0,-0.72,0.107,2.0,237,96,1086
1,1,458,56,-0.65,0.0,-0.72,0.107,2.0,237,96,1087
1,1,441,85,0.04,12.0,0.44,0.075,2.5,75,97,1088
0,1,421,108,-0.26,12.0,0.44,0.075,2.5,75,97,1089
1,1,498,98,0.5,12.0,0.44,0.075,2.5,75,97,1090
0,0,456,16,-1.09,12.0,0.44,0.075,2.5,75,97,1091
0,0,551,8,0.46,12.0,0.44,0.075,2.5,75,97,1092
0,0,458,80,0.94,12.0,0.44,0.075,2.5,75,97,1093
1,1,461,37,0.89,5.0,-1.35,0.085,2.5,221,98,1094
0,1,398,61,-0.65,5.0,-1.35,0.085,2.5,221,98,1095
1,1,390,89,-0.42,28.0,2.33,0.095,1.58,205,99,1096
0,1,463,72,-0.81,28.0,2.33,0.095,1.58,205,99,1097
0,1,479,78,-0.52,28.0,2.33,0.095,1.58,205,99,1098
0,1,505,45,-0.53,28.0,2.33,0.095,1.58,205,99,1099
1,1,440,49,0.18,28.0,2.33,0.095,1.58,205,99,1100
0,1,523,20,-0.03,28.0,2.33,0.095,1.58,205,99,1101
1,0,448,43,-0.15,28.0,2.33,0.095,1.58,205,99,1102
1,1,507,14,0.44,28.0,2.33,0.095,1.58,205,99,1103
1,1,413,89,-0.43,28.0,2.33,0.095,1.58,205,99,1104
1,1,385,24,-0.73,17.0,-1.39,0.095,3.17,214,99,1105
1,1,448,45,-0.03,14.0,,0.095,3.0,226,99,1106
0,1,449,72,-0.03,14.0,,0.095,3.0,226,99,1107
0,1,428,114,-0.87,14.0,0.59,0.095,1.17,236,99,1108
0,1,431,47,-0.15,14.0,0.59,0.095,1.17,236,99,1109
1,1,419,53,-0.79,17.0,,0.095,4.0,266,99,1110
0,1,452,17,-0.81,17.0,,0.095,4.0,266,99,1111
0,1,472,51,-0.31,17.0,,0.095,4.0,266,99,1112
1,1,474,41,-0.27,17.0,,0.095,4.0,266,99,1113
0,1,470,24,-0.49,17.0,,0.095,4.0,266,99,1114
0,1,456,10,-0.93,4.0,-1.28,0.071,1.5,74,100,1115
1,1,438,58,0.72,25.0,-2.34,0.071,2.3,99,100,1116
0,1,461,80,-0.39,18.0,,0.071,2.0,135,100,1117
1,1,481,77,-0.11,18.0,,0.071,2.0,135,100,1118
1,1,454,116,0.03,18.0,,0.071,2.0,135,100,1119
1,1,499,82,-0.03,18.0,,0.071,2.0,135,100,1120
1,1,513,28,-0.36,18.0,,0.071,2.0,135,100,1121
0,1,488,51,-0.83,18.0,,0.071,2.0,135,100,1122
1,1,456,69,-0.03,18.0,,0.071,2.0,135,100,1123
1,1,476,41,-1.19,13.0,-1.74,0.071,3.5,281,100,1124
1,1,483,86,-0.35,13.0,-1.74,0.071,3.5,281,100,1125
0,1,504,35,1.37,13.0,-1.74,0.071,3.5,281,100,1126
1,1,488,69,-0.9,13.0,-1.74,0.071,3.5,281,100,1127
0,0,440,13,-0.93,4.0,-0.8,0.064,2.5,68,101,1128
1,1,479,49,0.77,4.0,-0.8,0.064,2.5,68,101,1129
0,1,494,87,-0.34,4.0,-0.8,0.064,2.5,68,101,1130
0,0,532,0,0.34,4.0,-0.8,0.064,2.5,68,101,1131
0,0,490,91,-0.64,2.0,0.73,0.064,2.75,138,101,1132
0,1,440,74,-0.03,2.0,0.73,0.064,2.75,138,101,1133
0,1,370,69,-0.63,2.0,0.73,0.064,2.75,138,101,1134
1,1,434,69,0.27,2.0,0.73,0.064,2.75,138,101,1135
1,0,429,88,-0.36,2.0,0.73,0.064,2.75,138,101,1136
0,1,483,38,0.94,0.0,-1.28,0.064,2.5,215,101,1137
1,0,486,20,-0.17,0.0,-1.28,0.064,2.5,215,101,1138
0,1,411,87,-0.42,31.0,-1.7,0.064,3.75,273,101,1139
0,0,504,43,0.74,31.0,-1.7,0.064,3.75,273,101,1140
0,1,484,74,0.0,31.0,-1.7,0.064,3.75,273,101,1141
1,1,372,118,0.18,31.0,-1.7,0.064,3.75,273,101,1142
0,0,458,105,-0.2,31.0,-1.7,0.064,3.75,273,101,1143
1,1,490,3,1.32,34.0,-1.28,0.126,2.0,44,102,1144
0,1,496,25,-1.19,34.0,-1.28,0.126,2.0,44,102,1145
0,1,376,11,0.62,34.0,-1.28,0.126,2.0,44,102,1146
1,1,490,54,-1.05,34.0,-1.28,0.126,2.0,44,102,1147
1,1,462,75,-0.62,34.0,-1.28,0.126,2.0,44,102,1148
0,1,412,55,0.7,34.0,-1.28,0.126,2.0,44,102,1149
1,1,406,129,-0.49,3.0,-1.25,0.126,1.83,241,102,1150
0,1,488,87,-0.34,3.0,-1.25,0.126,1.83,241,102,1151
1,1,437,37,-0.17,3.0,-1.25,0.126,1.83,241,102,1152
1,1,465,54,-0.72,3.0,-1.25,0.126,1.83,241,102,1153
0,1,462,58,-0.18,3.0,-1.25,0.126,1.83,241,102,1154
0,1,455,71,0.29,4.0,-1.79,0.076,4.5,37,103,1155
0,1,431,107,-0.03,2.0,-0.55,0.076,4.0,193,103,1156
0,1,458,55,1.81,2.0,-0.55,0.076,4.0,193,103,1157
0,1,290,191,-0.52,5.0,-0.3,0.076,2.25,247,103,1158
0,1,474,87,0.22,5.0,-0.3,0.076,2.25,247,103,1159
1,1,453,95,0.18,5.0,-0.3,0.076,2.25,247,103,1160
0,1,436,116,0.84,5.0,-0.3,0.076,2.25,247,103,1161
1,1,421,77,0.95,5.0,-0.3,0.076,2.25,247,103,1162
0,0,502,85,1.82,25.0,0.89,0.054,2.0,60,104,1163
0,1,423,51,-0.28,25.0,0.89,0.054,2.0,60,104,1164
1,0,451,61,-1.03,25.0,0.89,0.054,2.0,60,104,1165
0,0,403,138,0.98,36.0,1.04,0.054,3.75,129,104,1166
1,1,477,95,-0.03,36.0,1.04,0.054,3.75,129,104,1167
1,1,410,96,-0.49,36.0,1.04,0.054,3.75,129,104,1168
1,0,405,95,0.49,34.0,-1.57,0.099,3.0,33,105,1169
0,1,449,32,1.73,34.0,-1.57,0.099,3.0,33,105,1170
0,1,446,17,-0.26,34.0,-1.57,0.099,3.0,33,105,1171
0,0,432,105,0.23,34.0,-1.57,0.099,3.0,33,105,1172
1,0,461,73,2.33,9.0,1.3,0.099,2.25,200,105,1173
1,0,523,51,-0.69,9.0,1.3,0.099,2.25,200,105,1174
0,1,448,71,-0.13,9.0,1.3,0.099,2.25,200,105,1175
0,0,506,70,-0.03,9.0,1.3,0.099,2.25,200,105,1176
1,0,452,67,0.03,9.0,1.3,0.099,2.25,200,105,1177
1,0,478,33,0.33,9.0,1.3,0.099,2.25,200,105,1178
0,1,547,-4,-0.21,6.0,-0.48,0.266,2.5,62,106,1179
0,1,506,23,-0.6,6.0,-0.48,0.266,2.5,62,106,1180
1,1,421,38,-1.52,12.0,1.45,0.177,2.67,96,107,1181
1,0,448,57,0.4,12.0,1.45,0.177,2.67,96,107,1182
1,0,521,30,2.04,12.0,1.45,0.177,2.67,96,107,1183
1,0,443,85,0.98,12.0,1.45,0.177,2.67,96,107,1184
1,0,422,56,-0.24,12.0,1.45,0.177,2.67,96,107,1185
1,0,502,47,0.16,12.0,1.45,0.177,2.67,96,107,1186
1,0,474,19,-1.02,12.0,1.45,0.177,2.67,96,107,1187
0,0,485,37,1.3,12.0,1.45,0.177,2.67,96,107,1188
0,0,473,44,-0.03,25.0,0.5,0.177,2.0,239,107,1189
1,0,453,69,-0.37,25.0,0.5,0.177,2.0,239,107,1190
