id,level,famnum,group,age,sex,tlm,tlpl,tlcpl,tlsub,tlcsub,occ,dtlm
19,-1,1,3,27,1,1.0986123,0.25190514,0.2700271,1.4793292,1.6695918,3,1
19,0,1,3,27,1,1.9459101,0.57089746,0.35065684,3.407842,1.9242487,4,0
19,1,1,3,27,1,1.7491999,0.69253385,0.52472854,2.562639,1.9213246,5,0
20,-1,1,3,34,2,1.178655,0.564096,0.49469623,1.5325569,1.2237755,3,0
20,0,1,3,34,2,1.3862944,0.19222312,0.36464316,1.8640801,1.521699,4,1
20,1,1,3,34,2,2.1102133,0.4081797,0.10436003,2.8225687,1.5560371,5,0
21,-1,1,3,25,2,1.0986123,0.42552567,0.6205765,1.10194,1.5496879,3,1
21,0,1,3,25,2,1.5581446,0.70906377,0.24686006,2.1938858,1.5686159,4,0
21,1,1,3,25,2,1.658228,0.6842981,-0.15082288,2.686486,1.7917595,5,0
70,-1,1,2,69,1,1.178655,0.3946567,0.5364934,1.5040774,1.166271,3,0
70,0,1,2,69,1,1.658228,0.40072325,0.8586616,2.5967462,1.4951488,4,0
70,1,1,2,69,1,1.8718022,0.7721764,0.3435897,2.8449094,1.5368673,5,0
71,-1,1,2,55,2,1.2527629,0.7892113,0.7793249,2.5185025,1.8515995,3,0
71,0,1,2,55,2,1.5040774,0.7580762,0.8109302,2.4501426,1.798404,4,0
71,1,1,2,55,2,1.8718022,0.6836025,0.37156358,2.7650604,2.0347056,5,0
72,-1,1,2,30,1,1.0986123,0.71418345,-0.22314353,1.427916,0.99694866,3,1
72,0,1,2,30,1,1.3862944,0.7398213,-0.15082288,1.5303947,1.3737156,4,1
72,1,1,2,30,1,1.9095426,0.9287381,0.17395335,2.4300983,1.52388,5,0
73,-1,1,2,65,1,1.0986123,0.9003415,0.4054651,0.98954123,1.2919837,3,1
73,0,1,2,65,1,1.446919,1.2459699,0.26236424,2.799109,1.9501867,4,0
73,1,1,2,65,1,1.7491999,1.0355325,0.42526773,2.8707356,1.9329696,5,0
74,-1,1,2,62,2,1.0986123,0.5439315,0.7793249,2.1294215,1.6174061,3,1
74,0,1,2,62,2,1.8325815,0.9327946,0.57661337,3.163363,1.9050881,4,0
74,1,1,2,62,2,2.014903,1.0020733,0.35065684,3.327192,1.8794651,5,0
75,-1,1,2,32,1,1.178655,0.78106725,0.737164,1.166271,1.0784096,3,0
75,0,1,2,32,1,1.3862944,0.64841187,0.37156358,1.2527629,1.3686395,4,1
75,1,1,2,32,1,1.7491999,0.85459507,0.8064759,1.9892433,1.7526721,5,0
15,-1,2,3,38,2,1.2527629,1.0108413,0.88376755,2.675527,1.7351891,3,0
15,0,2,3,38,2,2.014903,0.79221135,0.7654679,3.9108222,1.6752257,4,0
15,1,2,3,38,2,1.7491999,0.9986795,0.8628899,3.4797006,1.9183921,5,0
16,-1,2,3,40,2,1.178655,0.38224253,0.36464316,1.9671124,1.2837077,3,0
16,0,2,3,40,2,1.9810015,0.65755683,0.47000363,3.163363,1.5173227,4,0
16,1,2,3,40,2,1.9459101,0.5045991,0.19885089,3.269569,1.9906104,5,0
61,-1,2,2,70,2,1.2527629,1.2819316,1.4861397,4.210348,2.1905355,3,0
61,0,2,2,70,2,1.7917595,1.181968,1.5539252,5.090678,2.7226105,4,0
61,1,2,2,70,2,2.1102133,1.217868,1.6544113,5.078917,3.1591258,5,0
62,-1,2,2,43,2,1.0986123,0.7038633,0.9932518,1.5706971,1.6544113,3,1
62,0,2,2,43,2,2.3513753,0.7774367,0.6097656,4.0358324,1.8976198,4,0
62,1,2,2,43,2,1.9095426,0.8943801,2.2082744,2.700018,2.3125355,5,0
63,-1,2,2,33,2,1.2527629,0.32301193,0.48242617,1.5260563,1.52388,3,0
63,0,2,2,33,2,1.8325815,0.45547026,0.5423243,2.6390574,1.7698547,4,0
63,1,2,2,33,2,2.1400661,0.4976219,0.46373403,2.6404848,1.9892433,5,0
64,-1,2,2,45,1,1.0986123,0.5905632,1.3787661,1.7934248,1.8115621,3,1
64,0,2,2,45,1,1.446919,0.7490785,0.9321641,2.3580198,2.0386195,4,0
64,1,2,2,45,1,2.014903,0.50917995,1.3660917,3.8338454,2.3813963,5,0
65,-1,2,2,24,2,1.0986123,-0.045508593,0.15700372,1.0647107,1.166271,3,1
65,0,2,2,24,2,1.8718022,-0.38855854,0.19885089,2.4466856,1.6486586,4,0
65,1,2,2,24,2,1.704748,0.3119539,0.1655144,2.0281482,1.6014057,5,0
17,-1,3,3,47,2,1.0986123,0.7064738,0.9932518,2.138889,2.1114247,3,1
17,0,3,3,47,2,1.9459101,0.9616215,1.3887913,3.5898874,2.4956818,4,0
17,1,3,3,47,2,2.1102133,0.75529146,0.93609333,3.5522003,2.7173402,5,0
18,-1,3,3,28,1,2.014903,0.8637803,1.3787661,3.7921126,1.9615023,3,0
18,0,3,3,28,1,1.9095426,0.716083,0.90825856,3.06152,2.6383429,4,0
18,1,3,3,28,1,2.6912432,0.592381,1.3083328,4.134046,2.698673,5,0
66,-1,3,2,25,2,1.2527629,0.19710813,0.57661337,2.0412202,1.5195132,3,0
66,0,3,2,25,2,1.658228,0.3119539,0.47000363,3.1629403,1.8885837,4,0
66,1,3,2,25,2,2.2512918,0.64138955,-0.051293306,3.644405,2.0856721,5,0
68,-1,3,2,23,2,1.0986123,-0.021912185,0.49469623,1.6014057,1.2149127,3,1
68,0,3,2,23,2,1.7491999,0.45019364,0.37156358,3.3235962,1.5623463,4,0
68,1,3,2,23,2,1.7917595,0.499962,0.2776318,2.897568,1.8809906,5,0
23,-1,4,3,50,2,1.0986123,0.63260806,0.47000363,2.09433,1.798404,3,1
23,0,4,3,50,2,1.8325815,0.8992984,0.7178398,3.5504792,2.241773,4,0
23,1,4,3,50,2,1.609438,1.2218622,0.6151857,2.2060742,2.1258478,5,1
24,-1,4,3,40,2,1.2527629,0.6211003,0.51879376,2.231089,1.5623463,3,0
24,0,4,3,40,2,2.1102133,0.32663426,0.65752,3.128951,1.521699,4,0
24,1,4,3,40,2,1.9459101,0.35789204,0.5068176,2.7948394,1.6639261,5,0
25,-1,4,3,37,1,1.0986123,0.4407841,0.59883654,1.8855534,1.6919391,3,1
25,0,4,3,37,1,1.658228,0.39312568,0.23111172,2.8820035,1.9006139,4,0
25,1,4,3,37,1,1.9459101,0.50917995,0.13102825,3.0629234,2.1198635,5,0
80,-1,4,2,33,1,1.178655,0.14025927,0.21511139,1.8453002,1.1908876,3,0
80,0,4,2,33,1,1.3862944,0.38538203,0.08617773,1.6134299,1.4861397,4,1
80,1,4,2,33,1,2.1102133,0.324827,-0.13926207,3.1170645,1.7715567,5,0
81,-1,4,2,30,2,1.0986123,0.6168967,0.285179,1.6974488,1.4398351,3,1
81,0,4,2,30,2,1.7917595,0.9191496,0.5822156,2.8027542,1.704748,4,0
81,1,4,2,30,2,1.609438,0.86534923,0.122217625,1.8261609,2.1377103,5,1
82,-1,4,2,25,1,1.0986123,0.73389775,1.1442229,1.3609766,1.4701759,3,1
82,0,4,2,25,1,1.5581446,1.0744984,0.47000363,2.472328,1.798404,4,0
82,1,4,2,25,1,1.609438,0.81935173,0.32930374,1.8277699,1.8484548,5,1
6,-1,5,3,42,1,1.178655,0.49526712,1.8976198,2.2148461,2.0515563,3,0
6,0,5,3,42,1,2.2246234,0.6985799,1.9227878,3.9276996,2.3655598,4,0
6,1,5,3,42,1,2.014903,1.1147478,1.0260416,3.4694788,2.4672518,5,0
29,-1,5,3,50,2,1.0986123,0.7490785,1.512927,2.1690538,1.7698547,3,1
29,0,5,3,50,2,2.2772672,0.907878,1.5993875,3.8225358,1.9373018,4,0
29,1,5,3,50,2,2.1102133,0.8915319,1.0006319,3.7240052,2.0756845,5,0
39,-1,5,2,41,2,1.0986123,0.32118893,0.6981347,2.1494339,1.8640801,3,1
39,0,5,2,41,2,1.7491999,0.35789204,0.7178398,3.3123662,2.2710943,4,0
39,1,5,2,41,2,1.9810015,0.7569652,0.8064759,3.5712214,2.222459,5,0
86,-1,5,2,56,2,1.0986123,0.6109256,1.329724,2.503074,2.118662,3,1
86,0,5,2,56,2,1.3862944,0.9823385,1.22083,2.1587148,1.9657128,4,1
86,1,5,2,56,2,1.9095426,0.85337585,1.1631508,3.8865001,2.3174736,5,0
87,-1,5,2,18,2,1.0986123,0.2646023,0.7323679,1.4655675,1.3812819,3,1
87,0,5,2,18,2,1.8718022,0.10603207,0.9122827,2.636912,1.658228,4,0
87,1,5,2,18,2,1.9095426,-0.10068464,1.0079579,2.6953027,2.0202222,5,0
88,-1,5,2,22,1,1.7491999,0.6022159,0.99694866,2.686486,1.6544113,3,0
88,0,5,2,22,1,1.9459101,0.5737736,0.7030975,2.8587666,1.8718022,4,0
88,1,5,2,22,1,2.014903,0.5728174,1.054312,2.773838,2.1400661,5,0
7,-1,6,3,53,1,1.0986123,0.7266438,0.8586616,1.5727739,1.3762441,3,1
7,0,6,3,53,1,2.1972246,0.35114673,0.5596158,3.3156395,1.6034198,4,0
7,1,6,3,53,1,1.8325815,0.40965447,0.29266962,2.4440846,1.8702625,5,0
41,-1,6,2,49,2,1.2527629,0.6679251,0.9321641,1.9712994,1.4134231,3,0
41,0,6,2,49,2,1.704748,0.72968596,0.4317824,2.3311725,1.4134231,4,0
41,1,6,2,49,2,1.7917595,0.93831664,0.30010462,2.5486636,1.5789787,5,0
42,-1,6,2,21,1,1.609438,-0.38111866,-0.051293306,1.7474592,0.9555114,3,0
42,0,6,2,21,1,1.609438,0.16175598,-0.1863296,1.8748744,1.178655,4,0
42,1,6,2,21,1,1.8718022,-0.88646585,-0.1625189,1.9865035,1.3402504,5,0
43,-1,6,2,75,2,1.3862944,0.7507848,1.446919,3.6189933,2.11505,3,0
43,0,6,2,75,2,1.9095426,0.77586764,0.97832614,3.7602694,2.1894164,4,0
43,1,6,2,75,2,1.9810015,0.93186367,0.98954123,4.176846,2.4466856,5,0
44,-1,6,2,51,2,1.0986123,0.4580819,0.7275486,1.286474,1.2919837,3,1
44,0,6,2,51,2,1.446919,0.66055155,0.4054651,2.3551776,1.4609379,4,0
44,1,6,2,51,2,1.9810015,0.5747272,0.2776318,3.2331731,1.61542,5,0
14,-1,8,3,33,1,1.5040774,0.54185253,1.0152307,2.138889,1.5973654,3,0
14,0,8,3,33,1,1.5040774,0.8684622,0.4762342,2.7587433,1.7404661,4,0
14,1,8,3,33,1,1.9095426,0.6168967,1.4816046,3.1389663,2.3960755,5,0
57,-1,8,2,59,1,1.0986123,0.856213,0.49469623,2.1736147,1.6544113,3,1
57,0,8,2,59,1,1.3862944,0.9112393,1.1085626,2.5517862,2.0967903,4,1
57,1,8,2,59,1,1.658228,0.7882047,1.2325603,2.9595869,2.4256873,5,0
58,-1,8,2,65,2,1.2527629,1.0867952,1.1568812,3.1966302,1.8916048,3,0
58,0,8,2,65,2,1.658228,0.94904536,1.6544113,4.0607877,2.383243,4,0
58,1,8,2,65,2,1.8718022,0.8459542,1.9213246,3.3624566,2.6623552,5,0
59,-1,8,2,52,1,1.0986123,1.0188782,0.98581684,2.095561,1.6882491,3,1
59,0,8,2,52,1,1.7917595,0.8455364,0.7975072,3.4167426,1.9516082,4,0
59,1,8,2,52,1,1.609438,1.1640087,0.8020016,2.304583,1.978239,5,1
60,-1,8,2,50,2,1.178655,1.1304126,1.0851892,3.014554,1.8946168,3,0
60,0,8,2,50,2,1.5040774,1.0543709,0.9202827,3.0209126,1.9906104,4,0
60,1,8,2,50,2,1.658228,1.1176851,1.2354715,2.7555697,2.4248028,5,0
13,-1,9,3,55,2,1.0986123,0.73628014,1.0402766,2.1016922,2.113843,3,1
13,0,9,3,55,2,1.8325815,0.7116335,0.89608806,3.1817968,2.1961129,4,0
13,1,9,3,55,2,2.3272777,0.79958767,0.9555114,4.0681715,2.3887627,5,0
53,-1,9,2,56,1,1.178655,0.44484457,0.6151857,1.1442229,1.3737156,3,0
53,0,9,2,56,1,1.658228,0.86652035,0.59883654,2.5726123,1.2612978,4,0
53,1,9,2,56,1,1.7491999,0.7641182,0.48242617,2.2396452,1.6601311,5,0
54,-1,9,2,44,2,1.2527629,0.8703913,0.4762342,3.408504,1.4350845,3,0
54,0,9,2,44,2,1.8718022,0.4832693,0.41871032,3.2140641,1.4632554,4,0
54,1,9,2,44,2,1.8718022,0.41549945,0.0676587,3.2096334,1.6900958,5,0
55,-1,9,2,42,1,1.0986123,0.58873606,1.0367368,1.609438,1.6937791,3,1
55,0,9,2,42,1,1.3862944,0.4783623,0.37156358,1.8033587,1.6505798,4,1
55,1,9,2,42,1,1.609438,0.47959498,0.30748472,2.383243,1.9110229,5,1
56,-1,9,2,38,2,1.0986123,0.5785167,0.009950321,1.329724,1.1939224,3,1
56,0,9,2,38,2,1.5581446,0.9145619,0.13976192,2.0095553,1.3737156,4,0
56,1,9,2,38,2,1.704748,0.4928977,-0.105360545,2.3561258,1.5686159,5,0
9,-1,10,3,29,1,1.178655,0.05945361,0.3435897,1.1442229,1.2149127,3,0
9,0,10,3,29,1,1.8325815,0.6877543,0.285179,2.4150205,1.5973654,4,0
9,1,10,3,29,1,2.014903,0.93952924,0.24686006,2.9922261,1.6601311,5,0
10,-1,10,3,27,1,1.0986123,0.18976073,-0.020202687,0.84586823,1.0260416,3,1
10,0,10,3,27,1,1.9459101,-0.21508129,-0.15082288,2.222459,1.2781522,4,0
10,1,10,3,27,1,1.9095426,-0.12825754,-0.030459179,2.0515563,1.4951488,5,0
49,-1,10,2,56,2,1.2527629,0.5803966,0.49469623,1.7934248,1.4350845,3,0
49,0,10,2,56,2,1.8718022,0.44484457,0.4317824,3.1488824,1.7173951,4,0
49,1,10,2,56,2,1.9810015,0.53448236,0.30010462,2.853016,1.7884206,5,0
50,-1,10,2,26,2,1.0986123,0.4940843,0.3987761,1.0919234,1.2237755,3,1
50,0,10,2,26,2,2.0476928,0.7032075,0.3220835,3.3864222,1.3862944,4,0
50,1,10,2,26,2,1.7917595,0.7657463,0.0,2.7479117,1.6695918,5,0
11,-1,11,3,37,1,1.0986123,1.031251,1.5644406,2.099244,1.4609379,3,1
11,0,11,3,37,1,1.5040774,1.0175176,0.8796268,2.786245,1.7526721,4,0
11,1,11,3,37,1,1.9810015,0.9481669,0.9820785,3.5499048,2.0001278,5,0
12,-1,11,3,33,1,1.178655,0.89473426,1.2412686,2.2512918,2.4997952,3,0
12,0,11,3,33,1,1.8325815,0.6649949,1.4609379,3.4632328,2.4168062,4,0
12,1,11,3,33,1,1.9095426,0.715451,1.2029723,3.6581626,2.692598,5,0
51,-1,11,2,60,2,1.3217559,0.8063175,1.0818052,2.9997244,1.5602477,3,0
51,0,11,2,60,2,1.658228,0.88501936,1.18479,4.681205,1.7065647,4,0
51,1,11,2,60,2,2.2246234,0.85822314,0.5538851,3.849296,1.7029282,5,0
22,-1,12,3,33,2,1.0986123,1.1874328,1.9906104,2.727199,1.8531681,3,1
22,0,12,3,33,2,1.5040774,1.2740073,1.1908876,3.189241,1.9154509,4,0
22,1,12,3,33,2,1.9459101,0.9644019,2.329227,3.6470153,2.1435893,5,0
76,-1,12,2,62,1,1.0986123,0.8492754,1.2837077,1.5496879,1.7011051,3,1
76,0,12,2,62,1,2.1400661,0.6468637,1.2237755,3.404193,1.9974177,4,0
76,1,12,2,62,1,1.7491999,0.9455146,0.90825856,2.6574585,2.014903,5,0
77,-1,12,2,62,2,1.2527629,1.078664,1.3558352,2.4105422,1.7369512,3,0
77,0,12,2,62,2,2.4203682,0.70970815,0.9932518,4.3871384,1.9065752,4,0
77,1,12,2,62,2,1.7491999,0.71035117,1.10194,2.8273137,2.1294215,5,0
27,-1,13,3,31,1,1.0986123,0.5932864,0.46373403,2.0347056,1.611436,3,1
27,0,13,3,31,1,1.5040774,1.2450787,0.6981347,2.999226,1.8609746,4,0
27,1,13,3,31,1,1.658228,1.2134948,0.4446858,3.1616704,2.1016922,5,0
28,-1,13,3,29,2,1.446919,0.41404623,0.4382549,2.6672282,1.508512,3,0
28,0,13,3,29,2,1.5040774,0.43942118,0.6151857,2.4449522,1.7884206,4,0
28,1,13,3,29,2,2.1690538,0.25190514,0.3987761,3.6591933,2.014903,5,0
84,-1,13,2,53,2,1.178655,0.9755167,0.81536484,2.799109,1.8779372,3,0
84,0,13,2,53,2,1.7917595,0.7456381,0.8501509,3.2043712,1.8779372,4,0
84,1,13,2,53,2,1.658228,0.50689656,0.4317824,2.2353764,2.0122328,5,0
85,-1,13,2,31,2,1.178655,0.65755683,0.6097656,2.9932292,1.6074358,3,0
85,0,13,2,31,2,2.3978953,-0.04954973,0.47000363,3.757939,1.5496879,4,0
85,1,13,2,31,2,2.1690538,0.45547026,0.53062826,3.318178,1.8293763,5,0
1,-1,14,3,30,1,1.2527629,0.4832693,0.30010462,2.207175,1.5390154,3,0
1,0,14,3,30,1,2.1400661,0.20672193,0.41871032,3.450305,1.8261609,4,0
1,1,14,3,30,1,1.704748,0.88428664,0.35065684,2.6823905,2.0135689,5,0
36,-1,14,2,56,1,1.0986123,0.79518294,0.84156716,1.742219,1.7783364,3,1
36,0,14,2,56,1,1.8325815,0.8446992,0.4382549,3.651437,1.6351057,4,0
36,1,14,2,56,1,1.7917595,0.7541707,0.30010462,3.1713648,1.8033587,5,0
37,-1,14,2,29,2,1.0986123,0.04957228,-0.15082288,0.6931472,0.8878913,3,1
37,0,14,2,29,2,1.7917595,0.094047844,-0.21072103,3.346037,1.1878434,4,0
37,1,14,2,29,2,2.3749058,0.12059782,-0.37106368,3.254629,1.3558352,5,0
38,-1,14,2,54,2,1.0986123,0.6959063,0.7975072,1.9810015,1.8578593,3,1
38,0,14,2,54,2,1.7491999,0.61774147,0.9631743,3.3908103,1.6882491,4,0
38,1,14,2,54,2,1.7491999,0.9404352,0.5538851,2.9616582,1.9095426,5,0
8,-1,15,3,23,1,1.0986123,0.85982156,0.285179,1.5040774,1.3029127,3,1
8,0,15,3,23,1,1.9095426,0.4541578,0.20701419,2.739549,1.5581446,4,0
8,1,15,3,23,1,2.1102133,0.5785167,0.31481075,2.9559515,1.7119945,5,0
46,-1,15,2,54,2,1.0986123,0.30251238,0.37156358,1.5644406,1.3962446,3,1
46,0,15,2,54,2,2.1690538,0.46962076,0.53062826,3.5360196,1.6601311,4,0
46,1,15,2,54,2,2.4849067,0.7241894,0.22314355,4.0035076,1.8531681,5,0
47,-1,15,2,49,2,1.0986123,0.5775731,0.65232515,1.5368673,1.4492692,3,1
47,0,15,2,49,2,1.8718022,0.6398094,0.57097954,3.3407395,1.6563214,4,0
47,1,15,2,49,2,2.1400661,0.76138604,0.5128236,4.021774,1.893112,5,0
48,-1,15,2,21,1,1.0986123,-0.1474682,0.47000363,1.1693814,1.3428648,3,1
48,0,15,2,21,1,1.3862944,0.32301193,0.5128236,1.7698547,1.6409365,4,1
48,1,15,2,21,1,1.704748,0.4407841,0.604316,2.2460148,1.9125011,5,0
5,-1,16,3,39,2,1.0986123,0.21613395,0.2776318,1.4678744,1.609438,3,1
5,0,16,3,39,2,1.658228,0.59418947,0.11332869,2.78192,1.9139771,4,0
5,1,16,3,39,2,1.658228,0.8413268,0.20701419,2.5144653,2.1029139,5,0
34,-1,16,2,37,2,1.0986123,0.562129,0.8754688,1.4303112,1.474763,3,1
34,0,16,2,37,2,1.3862944,0.8684622,0.23111172,1.7647308,1.637053,4,1
34,1,16,2,37,2,1.609438,1.0001392,0.31481075,2.0869136,1.7561322,5,1
35,-1,16,2,69,2,1.8325815,0.8063175,0.6151857,3.09874,1.3454723,3,0
35,0,16,2,69,2,1.3862944,0.7976378,0.35065684,1.541159,1.5727739,4,1
35,1,16,2,69,2,1.7917595,0.7679042,0.23111172,2.465554,1.867176,5,0
2,-1,18,3,29,1,1.2527629,0.4658127,0.37843648,1.4793292,1.2059708,3,0
2,0,18,3,29,1,2.7880929,0.2948052,0.07696108,4.0530014,1.258461,4,0
2,1,18,3,29,1,2.5649493,0.23882829,0.26236424,3.1175072,1.5748465,5,0
32,-1,18,2,53,2,1.0986123,0.5490779,0.6151857,1.3635374,1.3164083,3,1
32,0,18,2,53,2,1.3862944,0.5914733,0.4382549,1.867176,1.5892352,4,1
32,1,18,2,53,2,1.7491999,0.63179857,0.48242617,2.5603232,1.7439687,5,0
33,-1,18,2,57,1,1.0986123,0.9573979,1.1969482,1.3609766,1.3056265,3,1
33,0,18,2,57,1,1.5040774,1.0831156,0.64185387,2.512846,1.4724721,4,0
33,1,18,2,57,1,1.8718022,0.87648094,1.1999648,3.4986265,1.6193882,5,0
4,-1,19,3,34,2,1.0986123,0.65830797,0.6097656,1.3787661,1.2296406,3,1
4,0,19,3,34,2,1.5040774,0.87947905,0.5822156,2.7265449,1.4861397,4,0
4,1,19,3,34,2,1.7491999,0.8711593,0.53062826,2.4527278,1.8484548,5,0
40,-1,19,2,58,1,1.446919,0.6715526,0.5128236,2.1994443,1.3056265,3,0
40,0,19,2,58,1,1.8325815,0.5480544,-0.08338159,3.0248055,1.3711808,4,0
40,1,19,2,58,1,1.9095426,0.5699336,0.23111172,3.1152916,1.5390154,5,0
45,-1,19,2,55,2,1.0986123,1.1684101,0.57097954,2.1222615,1.521699,3,1
45,0,19,2,55,2,1.3862944,1.2203726,0.5653138,3.1654751,1.9286187,4,1
45,1,19,2,55,2,1.7917595,1.4480387,0.5596158,3.5887828,2.010895,5,0
26,-1,20,3,53,2,1.178655,0.67083025,1.2947272,2.16791,1.7561322,3,0
26,0,20,3,53,2,2.1690538,0.7800341,0.9202827,3.5865698,1.9586854,4,0
26,1,20,3,53,2,1.9459101,0.7235729,0.7323679,3.073619,2.276241,5,0
83,-1,20,2,26,1,1.0986123,0.21145266,-0.1625189,1.0919234,0.8628899,3,1
83,0,20,2,26,1,1.704748,0.6269017,-0.38566247,2.3693087,1.332366,4,0
83,1,20,2,26,1,1.9459101,0.55515957,-0.12783338,3.0411835,1.52388,5,0
3,-1,21,3,44,1,1.178655,0.52259547,0.5423243,1.521699,1.4929041,3,0
3,0,21,3,44,1,1.8325815,0.31008238,0.57661337,2.911807,1.6695918,4,0
3,1,21,3,44,1,1.9810015,0.53448236,0.7129498,3.042616,1.9080598,5,0
122,-1,22,3,34,1,1.704748,0.53341734,0.8241754,2.7434173,1.2809339,3,0
122,0,22,3,34,1,1.8325815,0.7541707,0.36464316,2.7369616,1.7967471,4,0
122,1,22,3,34,1,2.014903,0.7721764,0.5128236,2.7080503,1.8082888,5,0
139,-1,22,2,29,1,1.0986123,0.14300154,0.13102825,1.0851892,1.0612565,3,1
139,0,22,2,29,1,1.8325815,-0.38855854,-0.32850403,2.304583,1.2556161,4,0
139,1,22,2,29,1,2.0476928,0.49644634,-0.32850403,2.580217,1.5644406,5,0
162,-1,22,2,69,1,1.0986123,0.8058416,1.7083778,1.1346227,1.5303947,3,1
162,0,22,2,69,1,1.3862944,0.8421734,1.0152307,1.6845454,1.678964,4,1
162,1,22,2,69,1,1.8718022,0.8864792,1.1724821,2.90252,1.8453002,5,0
168,-1,22,2,28,1,1.0986123,0.7635736,0.5538851,1.1755733,1.2178757,3,1
168,0,22,2,28,1,1.7917595,0.8044096,0.97455966,2.9285235,1.4206958,4,0
168,1,22,2,28,1,1.9459101,0.61774147,0.29266962,2.867899,1.7029282,5,0
169,-1,22,2,32,1,1.0986123,-0.13777648,-0.22314353,0.84586823,0.89199805,3,1
169,0,22,2,32,1,1.5040774,0.36287954,-0.2357223,2.2027647,1.2237755,4,0
169,1,22,2,32,1,1.8718022,0.60659766,-0.27443686,2.3749058,1.4445633,5,0
103,-1,23,3,33,2,1.178655,0.5521314,0.9669839,1.1281711,2.0881534,3,0
103,0,23,3,33,2,1.8718022,1.0467546,0.59883654,3.7336137,1.6677068,4,0
103,1,23,3,33,2,1.9095426,0.716083,0.8372475,3.763755,2.182675,5,0
156,-1,23,2,63,1,1.0986123,0.5408086,0.6205765,1.2919837,1.1216775,3,1
156,0,23,2,63,1,1.3862944,0.9493376,0.5364934,1.8405497,1.5195132,4,1
156,1,23,2,63,1,2.0794415,0.8353325,0.59883654,3.557346,1.9183921,5,0
160,-1,23,2,33,2,1.178655,0.339071,0.19885089,1.7137979,0.93609333,3,0
160,0,23,2,33,2,2.0476928,0.73089486,0.21511139,3.3843904,1.3837912,4,0
160,1,23,2,33,2,2.0476928,0.53127813,-0.15082288,3.342862,1.4929041,5,0
161,-1,23,2,57,2,1.178655,0.9142314,0.6881347,3.1027913,1.9035989,3,0
161,0,23,2,57,2,1.3862944,0.80200803,1.3056265,3.035914,2.0215476,4,1
161,1,23,2,57,2,2.1690538,1.1544265,0.65232515,4.396546,2.2148461,5,0
167,-1,23,2,29,2,1.0986123,0.46835563,-0.09431065,1.2697605,1.3532544,3,1
167,0,23,2,29,2,2.3025851,0.15381145,-0.1863296,3.6841183,1.3110319,4,0
167,1,23,2,29,2,1.704748,0.22306496,-0.5108256,2.562639,1.5933086,5,0
109,-1,24,3,30,1,1.178655,0.34601447,0.6729445,2.0294633,1.4906543,3,0
109,0,24,3,30,1,1.446919,0.48690858,0.6259384,2.261763,1.6054299,4,0
109,1,24,3,30,1,1.9095426,0.27693877,0.84586823,3.0301337,2.1552446,5,0
133,-1,24,2,28,1,1.0986123,0.7235729,0.41210964,1.3029127,1.2441546,3,1
133,0,24,2,28,1,1.7917595,0.51706403,0.20701419,3.0296504,1.5581446,4,0
133,1,24,2,28,1,1.658228,0.9794731,-0.030459179,1.9227878,1.6467338,5,0
134,-1,24,2,58,2,1.178655,0.5531436,0.8285518,1.8341802,1.3837912,3,0
134,0,24,2,58,2,1.7917595,0.67371064,0.48858002,3.146305,1.5993875,4,0
134,1,24,2,58,2,1.7491999,0.9374038,0.37843648,2.9188511,1.8531681,5,0
135,-1,24,2,61,1,1.0986123,0.70970815,0.98954123,1.6253113,1.9416152,3,1
135,0,24,2,61,1,1.446919,0.783635,0.9669839,2.7625384,2.0055258,4,0
135,1,24,2,61,1,2.1972246,0.86534923,1.160021,4.037245,2.1053529,5,0
104,-1,25,3,35,1,1.0986123,0.5679982,0.5364934,1.2612978,1.2354715,3,1
104,0,25,3,35,1,1.446919,0.6891269,0.5822156,1.7578579,1.5851452,4,0
104,1,25,3,35,1,1.7491999,0.58597785,0.6678294,1.9960599,1.8000582,5,0
171,-1,25,2,71,1,1.0986123,0.8943801,1.0986123,1.6054299,2.1029139,3,1
171,0,25,2,71,1,1.704748,1.088183,1.2527629,3.1393995,2.4024305,4,0
171,1,25,2,71,1,2.2772672,1.066523,1.1118575,4.05248,2.5832424,5,0
172,-1,25,2,62,2,1.0986123,0.82521987,0.662688,1.6845454,2.0320878,3,1
172,0,25,2,62,2,1.3862944,0.6686537,0.5596158,1.7664417,1.798404,4,1
172,1,25,2,62,2,2.1400661,0.92936605,0.45107564,3.403528,2.0579624,5,0
173,-1,25,2,34,2,1.0986123,0.33378625,0.6312718,1.6992786,1.5040774,3,1
173,0,25,2,34,2,2.014903,0.17213944,0.6931472,3.4304326,1.6900958,4,0
173,1,25,2,34,2,2.1690538,0.58133286,0.45107564,3.163786,2.098018,5,0
124,-1,27,3,26,1,1.178655,0.4488632,0.64710325,1.4182774,1.6253113,3,0
124,0,27,3,26,1,1.7917595,0.30251238,0.5128236,2.9156063,1.5973654,4,0
124,1,27,3,26,1,2.1400661,0.62854165,0.3364722,3.2351427,1.8718022,5,0
158,-1,27,2,58,2,1.0986123,0.56015134,0.5877866,1.0612565,1.2267123,3,1
158,0,27,2,58,2,2.4203682,0.81429684,0.32930374,4.133886,1.3987169,4,0
158,1,27,2,58,2,2.6567569,0.71418345,0.3364722,3.701055,1.6134299,5,0
159,-1,27,2,34,1,1.178655,0.85378283,0.19885089,1.6389967,1.1346227,3,0
159,0,27,2,34,1,1.7917595,0.973383,0.31481075,3.3300593,1.3506671,4,0
159,1,27,2,34,1,2.1690538,1.1508324,0.3220835,4.4984756,1.6563214,5,0
163,-1,27,2,35,2,1.0986123,0.40222573,0.3435897,0.98954123,1.1118575,3,1
163,0,27,2,35,2,1.3862944,0.5408086,0.41871032,1.4609379,1.3350011,4,1
163,1,27,2,35,2,1.8718022,0.76628715,-0.07257068,2.8075938,1.5727739,5,0
119,-1,28,3,18,1,1.178655,0.27490702,0.57661337,1.5830939,1.1118575,3,0
119,0,28,3,18,1,1.5581446,0.3193581,0.70803577,2.0451088,1.1999648,4,0
119,1,28,3,18,1,1.7917595,0.47464025,0.3435897,2.0001278,1.4906543,5,0
164,-1,28,2,50,2,1.0986123,0.64530855,0.3435897,1.3083328,1.4303112,3,1
164,0,28,2,50,2,1.3862944,0.87497026,0.14841998,1.6563214,1.4134231,4,1
164,1,28,2,50,2,1.8718022,0.86923534,0.0,2.774462,1.6448051,5,0
165,-1,28,2,52,1,1.5040774,0.46067604,0.31481075,2.486572,1.2119409,3,0
165,0,28,2,52,1,1.446919,0.49170747,0.30010462,1.329724,1.637053,4,0
165,1,28,2,52,1,2.0476928,0.31008238,0.058268853,2.9734867,1.6620303,5,0
166,-1,28,2,21,2,1.0986123,0.45938107,0.122217625,1.2919837,1.0043017,3,1
166,0,28,2,21,2,1.5581446,0.8100983,-0.030459179,2.3302002,1.3244189,4,0
166,1,28,2,21,2,1.609438,0.62854165,0.07696108,1.6992786,1.5993875,5,1
92,-1,29,3,41,1,1.0986123,0.562129,0.57097954,1.22083,1.6882491,3,1
92,0,29,3,41,1,1.3862944,0.793205,0.45107564,1.8066481,1.8309802,4,1
92,1,29,3,41,1,1.7917595,0.7444831,0.7275486,2.9359822,2.1114247,5,0
148,-1,29,2,76,2,1.0986123,0.7591833,0.48242617,1.3912818,1.329724,3,1
148,0,29,2,76,2,1.3862944,0.8220741,0.6097656,1.9699056,1.5851452,4,1
148,1,29,2,76,2,2.1102133,0.8383446,0.53062826,3.445852,1.8309802,5,0
149,-1,29,2,78,1,1.0986123,0.92936605,1.2527629,2.179287,1.9473377,3,1
149,0,29,2,78,1,1.5581446,0.7976378,1.3110319,2.9507349,2.2874715,4,0
149,1,29,2,78,1,1.8325815,1.001108,0.8712934,2.8803215,2.439735,5,0
94,-1,30,3,31,2,1.0986123,0.6476387,0.2546422,1.5325569,1.5475625,3,1
94,0,30,3,31,2,1.8718022,0.9068618,0.65232515,3.0814512,1.4492692,4,0
94,1,30,3,31,2,2.0794415,0.83185315,0.5423243,3.5945687,1.6845454,5,0
153,-1,30,2,56,2,1.3217559,0.43805352,0.7884574,2.799109,1.8870696,3,0
153,0,30,2,56,2,1.7917595,0.45677823,0.49469623,3.287282,1.8453002,4,0
153,1,30,2,56,2,1.8718022,0.1119124,0.1906204,2.8390784,2.0095553,5,0
154,-1,30,2,62,1,1.2527629,0.5581628,0.99694866,3.002708,2.222459,3,0
154,0,30,2,62,1,1.8718022,0.6074675,1.3428648,3.3948438,2.3978953,4,0
154,1,30,2,62,1,2.442347,0.6260788,1.137833,3.8668165,1.9947003,5,0
95,-1,31,3,36,1,1.0986123,0.6109256,0.89199805,1.427916,1.6752257,3,1
95,0,31,3,36,1,1.7491999,0.4037225,0.9669839,3.163363,1.9878744,4,0
95,1,31,3,36,1,1.8325815,0.64374626,0.8586616,3.092859,2.2782924,5,0
150,-1,31,2,63,2,1.0986123,0.8110363,0.84586823,1.0296195,1.5518087,3,1
150,0,31,2,63,2,1.446919,0.8918894,0.81536484,2.4353662,1.6601311,4,0
150,1,31,2,63,2,2.2246234,0.95937693,0.79299253,4.4448843,1.9050881,5,0
99,-1,32,3,22,1,1.0986123,0.27490702,0.0676587,0.89199805,1.4724721,3,1
99,0,32,3,22,1,2.2512918,0.5114495,0.04879012,3.6146946,1.5018526,4,0
99,1,32,3,22,1,2.1690538,0.39312568,0.058268853,3.064792,1.5933086,5,0
176,-1,32,2,56,2,1.0986123,0.770581,0.4317824,2.052841,1.4609379,3,1
176,0,32,2,56,2,2.1102133,0.74506116,0.38526243,4.4166694,2.0425181,4,0
176,1,32,2,56,2,2.014903,1.0788435,0.8285518,4.169761,2.4440846,5,0
177,-1,32,2,55,1,1.9810015,0.7800341,1.0331844,4.0561233,1.6620303,3,0
177,0,32,2,55,1,1.8718022,0.66719496,0.89199805,3.7800903,1.7800242,4,0
177,1,32,2,55,1,3.228826,0.6342213,0.8501509,5.2685795,2.1517622,5,0
101,-1,33,3,30,1,1.178655,0.7192247,0.6830968,1.8213183,1.6639261,3,0
101,0,33,3,30,1,1.7491999,0.43392175,1.0188473,2.4168062,1.8229351,4,0
101,1,33,3,30,1,2.2512918,0.3790786,0.7323679,3.295096,2.0122328,5,0
146,-1,33,2,61,2,1.178655,0.46835563,0.604316,1.7263316,1.3609766,3,0
146,0,33,2,61,2,1.9095426,0.65148735,0.46373403,3.596764,1.6409365,4,0
146,1,33,2,61,2,1.658228,0.7991014,0.41210964,2.1701958,1.8421357,5,0
147,-1,33,2,59,1,1.2527629,0.7774367,1.0851892,2.2407095,1.6695918,3,0
147,0,33,2,59,1,1.9095426,0.9155512,0.7839016,3.7230394,1.7209793,4,0
147,1,33,2,59,1,1.7491999,0.968793,0.81536484,3.0002222,1.8916048,5,0
125,-1,35,3,30,1,1.178655,0.48690858,0.57661337,0.89199805,1.4516138,3,0
125,0,35,3,30,1,2.1690538,0.26041096,0.57661337,3.147165,1.7934248,4,0
125,1,35,3,30,1,2.014903,-0.0660401,0.98954123,2.1246538,2.1162555,5,0
174,-1,35,2,58,2,1.178655,0.26041096,0.41871032,1.1724821,1.4724721,3,0
174,0,35,2,58,2,1.609438,0.5631138,0.30748472,2.4265711,1.4516138,4,0
174,1,35,2,58,2,2.3978953,0.5137055,0.41871032,3.5641663,1.7191888,5,0
175,-1,35,2,59,2,1.178655,0.71099293,0.9631743,1.7439687,1.5282279,3,0
175,0,35,2,59,2,2.014903,0.6992449,1.0715836,3.5865698,1.9768549,4,0
175,1,35,2,59,2,2.2772672,0.9115734,1.0750024,3.6548054,2.1770217,5,0
107,-1,37,3,31,1,1.0986123,0.7433239,0.1823216,1.3480731,1.0681531,3,1
107,0,37,3,31,1,2.1690538,0.8077407,0.22314355,4.157945,1.474763,4,0
107,1,37,3,31,1,1.8718022,0.79419553,0.37843648,2.8355637,1.6389967,5,0
137,-1,37,2,59,2,1.178655,0.59956056,0.604316,1.3350011,1.512927,3,0
137,0,37,2,59,2,2.014903,0.6358272,0.8064759,3.9615748,1.609438,4,0
137,1,37,2,59,2,1.7491999,0.5355443,0.37156358,2.203869,1.7101879,5,0
138,-1,37,2,61,1,1.178655,0.3302255,0.5128236,1.5933086,1.474763,3,0
138,0,37,2,61,1,2.0794415,0.58133286,0.6312718,3.3572454,1.508512,4,0
138,1,37,2,61,1,2.014903,0.69791347,0.3220835,2.912894,1.7561322,5,0
102,-1,38,3,30,1,1.2527629,0.76248163,1.658228,2.9481163,2.5748997,3,0
102,0,38,3,30,1,2.0794415,0.68568486,1.2470323,3.8903906,2.2823825,4,0
102,1,38,3,30,1,1.9810015,0.63742554,1.0079579,2.7562053,2.4824035,5,0
145,-1,38,2,35,1,1.0986123,0.36943644,0.8241754,1.3812819,2.171337,3,1
145,0,38,2,35,1,1.609438,0.48082373,0.89199805,2.941804,1.7934248,4,0
145,1,38,2,35,1,2.3513753,0.7173433,0.7419373,4.051785,1.8547343,5,0
93,-1,39,3,25,1,1.0986123,0.14025927,0.039220676,0.9400072,0.97832614,3,1
93,0,39,3,25,1,1.9095426,0.16175598,-0.030459179,2.6426225,1.2781522,4,0
93,1,39,3,25,1,1.609438,0.06593112,-0.07257068,1.9035989,1.3164083,5,1
144,-1,39,2,52,1,1.0986123,0.50917995,0.7793249,1.1693814,1.2441546,3,1
144,0,39,2,52,1,1.9810015,0.47464025,0.5596158,2.4239173,1.4231083,4,0
144,1,39,2,52,1,1.609438,0.47339156,0.41210964,1.4678744,1.5686159,5,1
123,-1,41,3,39,1,1.178655,0.58781904,0.9242589,2.0373166,1.6292405,3,0
123,0,41,3,39,1,1.8718022,0.6168967,1.0079579,3.3010087,1.9242487,4,0
123,1,41,3,39,1,2.1690538,0.8309771,1.10194,3.3998632,2.2343063,5,0
157,-1,41,2,60,2,1.2527629,0.38694265,0.6312718,2.465554,1.6034198,3,0
157,0,41,2,60,2,2.0794415,0.6664632,0.7419373,3.6420498,1.52388,4,0
157,1,41,2,60,2,1.7491999,0.56015134,0.8372475,2.8207836,1.9035989,5,0
112,-1,42,3,38,1,1.178655,0.80297095,1.1216775,1.6034198,3.051167,3,0
112,0,42,3,38,1,2.1400661,1.0049485,1.6770965,3.693867,2.4353662,4,0
112,1,42,3,38,1,2.1102133,0.8188956,1.4445633,3.346037,2.8986704,5,0
132,-1,42,2,62,2,1.9459101,0.8430177,0.70803577,3.9930499,1.6900958,3,0
132,0,42,2,62,2,2.0476928,0.93186367,0.41210964,3.6635616,1.8066481,4,0
132,1,42,2,62,2,1.8718022,0.9020717,0.3435897,2.8541687,1.7439687,5,0
113,-1,43,3,26,1,1.178655,0.518177,0.65752,1.9329696,1.6034198,3,0
113,0,43,3,26,1,1.609438,0.7290797,0.84586823,2.8349764,1.8033587,4,0
113,1,43,3,26,1,1.704748,0.82744706,0.5596158,2.8610573,1.9401795,5,0
142,-1,43,2,55,2,1.3217559,0.562129,0.9400072,2.5095992,1.6253113,3,0
142,0,43,2,55,2,1.9459101,0.42693752,0.8544153,3.3901365,1.6351057,4,0
142,1,43,2,55,2,1.9459101,0.66572976,0.63657683,3.5450091,1.7351891,5,0
115,-1,44,3,27,2,1.7917595,0.039486684,0.039220676,3.2120526,1.329724,3,0
115,0,44,3,27,2,2.014903,0.07232293,-0.010050327,3.051167,1.4724721,4,0
115,1,44,3,27,2,1.9810015,0.3119539,0.039220676,3.0344722,1.7209793,5,0
143,-1,44,2,71,2,1.3862944,0.324827,0.3435897,2.627563,1.4445633,3,0
143,0,44,2,71,2,2.014903,0.46835563,0.4446858,3.3918202,1.6428727,4,0
143,1,44,2,71,2,2.1690538,0.52369195,0.7654679,3.4572625,2.0068707,5,0
116,-1,45,3,32,1,1.178655,0.29674512,0.17395335,1.3762441,1.3056265,3,0
116,0,45,3,32,1,2.0476928,0.8156838,-0.09431065,4.2828965,1.3912818,4,0
116,1,45,3,32,1,1.8325815,0.9590951,0.1655144,2.810607,1.5973654,5,0
131,-1,45,2,65,2,1.2527629,0.8391996,0.88376755,2.4807312,1.6272779,3,0
131,0,45,2,65,2,1.5040774,0.7290797,1.1085626,2.8853593,2.0856721,4,0
131,1,45,2,65,2,2.0794415,0.58965087,0.8628899,3.5754306,2.332144,5,0
117,-1,46,3,24,1,1.7491999,0.83009833,0.9669839,4.002595,1.7833912,3,0
117,0,46,3,24,1,1.7491999,0.70057106,0.7701083,3.525478,2.3243465,4,0
117,1,46,3,24,1,2.5257287,0.93155265,1.0188473,4.8917766,2.22029,5,0
170,-1,46,2,53,2,1.8718022,0.46325287,0.49469623,3.7534962,1.3217559,3,0
170,0,46,2,53,2,1.9459101,0.6074675,0.3920421,3.5601933,1.3711808,4,0
170,1,46,2,53,2,2.4203682,0.5728174,0.30010462,3.8044379,1.6544113,5,0
121,-1,47,3,32,1,1.2527629,0.09100399,0.13976192,1.6956155,1.0043017,3,0
121,0,47,3,32,1,1.8718022,0.2343815,0.15700372,2.911263,1.1216775,4,0
121,1,47,3,32,1,1.7491999,0.19710813,-0.061875407,2.2554934,1.4350845,5,0
155,-1,47,2,64,1,1.178655,0.6972458,0.5822156,1.7101879,1.541159,3,0
155,0,47,2,64,1,1.609438,0.4832693,0.5128236,2.8853593,1.6974488,4,0
155,1,47,2,64,1,1.9810015,0.73329943,0.5596158,3.297687,1.9169227,5,0
106,-1,48,3,45,1,1.0986123,0.3612237,0.7419373,1.2947272,1.5727739,3,1
106,0,48,3,45,1,1.9095426,0.4721387,0.8586616,2.9590683,1.798404,4,0
106,1,48,3,45,1,2.2512918,0.8292172,0.8712934,2.8914824,1.9712994,5,0
141,-1,48,2,67,2,1.446919,0.70189196,0.7839016,3.389462,2.104134,3,0
141,0,48,2,67,2,2.1400661,0.5660524,1.0715836,4.0351253,1.9329696,4,0
141,1,48,2,67,2,2.2512918,0.48811397,0.8109302,4.027136,1.8870696,5,0
110,-1,49,3,51,2,1.0986123,0.41404623,0.29266962,1.5303947,1.1755733,3,1
110,0,49,3,51,2,1.704748,0.7444831,0.20701419,3.0155349,1.5173227,4,0
110,1,49,3,51,2,1.7917595,0.66055155,0.058268853,2.590017,1.5368673,5,0
152,-1,49,2,85,1,1.0986123,0.70057106,1.0402766,2.8267217,1.7404661,3,1
152,0,49,2,85,1,1.7491999,0.7866889,1.3244189,4.0543904,2.1114247,4,0
152,1,49,2,85,1,1.8718022,1.0521891,1.4816046,3.9247417,2.3223877,5,0
111,-1,50,3,33,1,1.2527629,0.3302255,1.4609379,2.0122328,1.7544037,3,0
111,0,50,3,33,1,2.0476928,0.5631138,1.0152307,3.925926,2.1529243,4,0
111,1,50,3,33,1,2.014903,0.786182,1.5871923,3.2414198,2.2586331,5,0
136,-1,50,2,63,2,1.3217559,0.6932111,1.512927,3.0076609,2.22029,3,0
136,0,50,2,63,2,2.014903,0.82342625,1.4303112,4.33047,2.4756978,4,0
136,1,50,2,63,2,2.3025851,0.5699336,1.1281711,4.2868915,2.7226105,5,0
96,-1,51,3,29,2,1.9459101,0.6083352,0.5068176,3.3697066,1.3609766,3,0
96,0,51,3,29,2,2.5839975,0.68981105,0.47000363,3.9689703,1.595339,4,0
96,1,51,3,29,2,2.0794415,0.59598887,-0.030459179,2.9507349,1.8640801,5,0
97,-1,52,3,27,1,2.1400661,-0.096226186,0.14841998,2.911807,1.3029127,3,0
97,0,52,3,27,1,1.8325815,-0.38111866,-0.030459179,2.0175662,1.2697605,4,0
97,1,52,3,27,1,2.442347,-0.091805354,0.35065684,2.9512577,1.6974488,5,0
98,-1,53,3,52,2,1.446919,0.51257914,0.9242589,2.4510052,1.8484548,3,0
98,0,53,3,52,2,1.9095426,0.4366811,0.81536484,3.8046606,2.3599102,4,0
98,1,53,3,52,2,1.704748,0.44618875,1.3837912,2.7769542,2.733068,5,0
100,-1,54,3,29,1,1.178655,0.13472567,0.5423243,1.7404661,1.2809339,3,0
100,0,54,3,29,1,1.446919,0.4037225,0.37156358,2.7146947,1.7595806,4,0
100,1,54,3,29,1,1.7491999,0.3790786,0.0676587,2.5423892,1.742219,5,0
105,-1,55,3,24,1,1.2527629,0.76138604,0.9321641,1.9865035,1.4701759,3,0
105,0,55,3,24,1,1.3862944,0.7473629,0.7323679,2.0566845,2.1270406,4,1
105,1,55,3,24,1,1.8325815,0.33555534,0.70803577,2.8314471,2.0373166,5,0
114,-1,56,3,45,1,1.0986123,0.5914733,0.84586823,0.97077894,1.4632554,3,1
114,0,56,3,45,1,2.1400661,0.97657734,0.9631743,3.708682,1.8687205,4,0
114,1,56,3,45,1,1.9459101,0.90956354,0.7793249,3.1650531,1.9987737,5,0
118,-1,57,3,39,2,1.178655,0.867687,0.9439059,1.6601311,1.7491999,3,0
118,0,57,3,39,2,1.8325815,0.61774147,0.64710325,3.131137,1.8000582,4,0
118,1,57,3,39,2,2.3749058,0.98645324,0.48242617,3.7999735,1.8245493,5,0
120,-1,58,3,18,1,1.0986123,0.49170747,1.5347143,1.8405497,1.61542,3,1
120,0,58,3,18,1,2.5055258,0.8645658,0.9321641,4.2342515,1.8050047,4,0
120,1,58,3,18,1,1.704748,0.84005225,0.9555114,2.4680996,2.0756845,5,0
108,-1,59,3,17,2,1.446919,-0.46001878,0.3435897,1.8325815,1.1184149,3,0
108,0,59,3,17,2,2.3749058,-0.31147233,0.21511139,3.2965775,1.4951488,4,0
108,1,59,3,17,2,1.8718022,-0.58050483,-0.061875407,2.3350523,1.7613003,5,0
140,-1,59,2,43,2,1.3862944,0.27286562,0.49469623,2.0228713,1.0986123,3,0
140,0,59,2,43,2,1.446919,0.63341564,0.285179,1.5623463,1.3376292,4,0
140,1,59,2,43,2,2.2512918,0.76302814,0.07696108,3.096934,1.4996231,5,0
186,-1,60,1,32,1,1.0986123,0.3612237,0.08617773,1.2149127,1.2119409,3,1
186,0,60,1,32,1,1.7491999,0.41404623,-0.061875407,2.4981518,1.4060969,4,0
186,1,60,1,32,1,1.658228,0.475885,0.11332869,2.118662,1.7613003,5,0
187,-1,61,1,28,1,1.0986123,0.85862356,0.35065684,1.521699,1.0367368,3,1
187,0,61,1,28,1,1.3862944,0.9246227,0.26236424,1.5912739,1.2470323,4,1
187,1,61,1,28,1,1.609438,1.1448579,-0.040822018,1.6992786,1.5260563,5,1
188,-1,62,1,48,2,1.0986123,0.9188243,0.8796268,1.427916,1.3812819,3,1
188,0,62,1,48,2,1.704748,1.1199796,0.65752,3.319264,1.6524974,4,0
188,1,62,1,48,2,1.7917595,1.1646425,0.6097656,2.988204,1.8468788,5,0
189,-1,63,1,42,1,1.0986123,0.46962076,0.4382549,0.9932518,1.0715836,3,1
189,0,63,1,42,1,1.3862944,0.6884413,-0.010050327,1.1939224,1.1249295,4,1
189,1,63,1,42,1,1.9810015,0.8110363,-0.19845095,2.846652,1.3686395,5,0
190,-1,64,1,40,2,1.446919,0.1119124,0.6678294,2.0489824,1.1184149,3,0
190,0,64,1,40,2,1.3862944,-0.053622983,0.122217625,1.8164521,1.3558352,4,1
190,1,64,1,40,2,2.5257287,0.45938107,-0.2613648,3.1793032,1.5282279,5,0
191,-1,65,1,21,2,1.178655,0.22535144,0.7839016,1.8245493,1.3787661,3,0
191,0,65,1,21,2,2.1972246,0.7513517,0.59883654,3.7130842,1.4586151,4,0
191,1,65,1,21,2,1.658228,0.55915844,-0.020202687,2.1306098,1.6034198,5,0
192,-1,66,1,27,2,1.178655,0.15113252,0.3920421,1.5602477,1.3887913,3,0
192,0,66,1,27,2,2.014903,0.19467218,0.26236424,3.5898874,1.4973884,4,0
192,1,66,1,27,2,2.0794415,0.10306421,0.009950321,3.0996418,1.6428727,5,0
193,-1,67,1,18,1,1.3217559,0.3284338,0.4382549,2.5486636,1.137833,3,0
193,0,67,1,18,1,2.0476928,0.52804583,0.122217625,3.3232358,1.4350845,4,0
193,1,67,1,18,1,2.3978953,0.05945361,0.14841998,3.7077012,1.5706971,5,0
194,-1,68,1,33,2,1.0986123,0.17213944,0.2700271,1.541159,1.2354715,3,1
194,0,68,1,33,2,2.0794415,0.5323492,0.14841998,3.4141135,1.5018526,4,0
194,1,68,1,33,2,1.8325815,0.48690858,0.20701419,2.6468837,1.8245493,5,0
195,-1,69,1,32,2,1.0986123,0.6836025,0.9321641,1.0296195,1.141033,3,1
195,0,69,1,32,2,1.5040774,0.5269622,0.29266962,1.9213246,1.3987169,4,0
195,1,69,1,32,2,1.658228,0.592381,0.122217625,1.9227878,1.6292405,5,0
196,-1,70,1,41,2,1.3862944,0.21145266,-0.030459179,1.8733395,1.0473189,3,0
196,0,70,1,41,2,1.8325815,0.20194076,-0.1863296,2.510412,1.2612978,4,0
196,1,70,1,41,2,1.8325815,-0.34526068,-0.22314353,2.0668628,1.4303112,5,0
197,-1,71,1,20,2,1.0986123,-0.15238039,-0.1863296,0.9321641,1.1216775,3,1
197,0,71,1,20,2,1.9095426,0.36287954,-0.1863296,2.3065772,1.2412686,4,0
197,1,71,1,20,2,1.609438,0.4297461,-0.34249035,1.442202,1.5539252,5,1
198,-1,72,1,23,2,1.178655,0.14025927,0.0676587,1.9516082,1.1085626,3,0
198,0,72,1,23,2,1.8325815,0.14300154,0.122217625,2.6553524,1.327075,4,0
198,1,72,1,23,2,2.014903,0.08175437,0.10436003,2.9616582,1.5748465,5,0
199,-1,73,1,24,2,1.0986123,0.7179715,0.30010462,1.3428648,1.3083328,3,1
199,0,73,1,24,2,1.658228,0.8335978,-0.051293306,2.8039663,1.5018526,4,0
199,1,73,1,24,2,1.7917595,0.6765667,-0.030459179,3.2876554,1.6974488,5,0
200,-1,74,1,27,1,1.178655,0.30059862,-0.17435342,0.7275486,0.59883654,3,0
200,0,74,1,27,1,1.7917595,0.35789204,-0.4155154,2.585506,1.0079579,4,0
200,1,74,1,27,1,1.9095426,1.1799597,-0.46203548,2.7769542,1.1118575,5,0
201,-1,75,1,35,1,1.7917595,-0.0067710713,0.10436003,2.8154087,1.1537316,3,0
201,0,75,1,35,1,1.8325815,0.35114673,0.1655144,3.4474447,1.4231083,4,0
201,1,75,1,35,1,1.7491999,-0.1474682,0.13102825,1.9671124,1.6601311,5,0
202,-1,76,1,36,1,1.178655,0.2646023,0.5877866,1.6695918,1.6937791,3,0
202,0,76,1,36,1,2.0794415,0.6160498,0.49469623,3.2418108,1.7065647,4,0
202,1,76,1,36,1,1.7917595,0.8015255,0.2546422,2.8390784,1.6992786,5,0
203,-1,77,1,33,2,1.9095426,0.6004479,0.3920421,3.5779479,1.2919837,3,0
203,0,77,1,33,2,1.9095426,0.62359846,0.4762342,3.5501919,1.5769148,4,0
203,1,77,1,33,2,1.7917595,0.51706403,0.6097656,2.866762,2.207175,5,0
204,-1,78,1,39,1,1.5040774,0.5850536,0.63657683,2.3776925,1.0577903,3,0
204,0,78,1,39,1,1.7917595,0.80915743,0.1823216,2.579459,1.4793292,4,0
204,1,78,1,39,1,1.8325815,0.874212,0.23111172,2.4595888,1.6486586,5,0
205,-1,79,1,35,1,1.2527629,0.19710813,-0.040822018,1.2149127,0.81536484,3,0
205,0,79,1,35,1,2.1102133,0.21379942,-0.32850403,2.3513753,1.1442229,4,0
205,1,79,1,35,1,2.014903,0.078631155,-0.4155154,2.6232183,1.3887913,5,0
206,-1,80,1,23,2,1.0986123,0.27286562,1.1346227,1.2441546,1.8825139,3,1
206,0,80,1,23,2,1.8718022,0.10306421,0.1823216,2.929058,2.2016592,4,0
206,1,80,1,23,2,1.658228,0.27490702,-0.19845095,2.1961129,1.742219,5,0
207,-1,81,1,24,1,1.0986123,0.3302255,0.4054651,0.90825856,0.90825856,3,1
207,0,81,1,24,1,1.7917595,0.4407841,-0.19845095,2.506342,1.3350011,4,0
207,1,81,1,24,1,2.1400661,0.48082373,-0.15082288,3.254629,1.5665303,5,0
208,-1,82,1,38,1,1.0986123,0.35621607,0.29266962,1.5581446,1.1631508,3,1
208,0,82,1,38,1,1.5040774,0.51594794,0.41871032,2.4060438,1.3711808,4,0
208,1,82,1,38,1,1.9459101,0.4407841,-0.13926207,3.2232661,1.5496879,5,0
209,-1,83,1,34,1,1.178655,0.7513517,0.4446858,1.7647308,1.3480731,3,0
209,0,83,1,34,1,1.446919,0.7652045,0.1823216,2.4527278,1.7439687,4,0
209,1,83,1,34,1,1.8718022,0.7248047,0.13102825,3.0933125,1.6826884,5,0
210,-1,84,1,38,2,1.178655,0.46962076,0.13976192,2.195,1.2412686,3,0
210,0,84,1,38,2,1.8718022,0.62359846,0.04879012,3.0296504,1.3887913,4,0
210,1,84,1,38,2,1.9810015,0.6083352,0.3435897,2.9967318,1.4793292,5,0
211,-1,85,1,42,1,1.2527629,0.5831981,1.1568812,2.419479,1.3686395,3,0
211,0,85,1,42,1,1.8718022,0.6309872,0.67803353,3.6095657,1.8245493,4,0
211,1,85,1,42,1,1.7491999,0.601333,0.4317824,2.8261294,1.9487633,5,0
212,-1,86,1,34,1,1.0986123,0.68637604,0.67803353,1.8293763,1.3660917,3,1
212,0,86,1,34,1,1.3862944,1.099349,0.45742488,2.1353493,1.5871923,4,1
212,1,86,1,34,1,1.609438,1.0260192,0.1823216,2.384165,1.8656293,5,1
213,-1,87,1,36,1,1.178655,0.94133824,1.1568812,2.0967903,1.5727739,3,0
213,0,87,1,36,1,1.8718022,0.87383217,0.81536484,3.4901235,1.7387103,4,0
213,1,87,1,36,1,1.704748,0.92936605,0.7419373,2.4748564,1.9919755,5,0
215,-1,89,1,44,1,1.0986123,0.562129,0.5538851,1.5560371,1.3217559,3,1
215,0,89,1,44,1,1.658228,0.4783623,0.285179,3.110845,1.4632554,4,0
215,1,89,1,44,1,1.609438,0.879106,0.38526243,2.237513,1.6563214,5,1
216,-1,90,1,38,2,1.178655,0.39770138,0.36464316,1.4182774,1.0473189,3,0
216,0,90,1,38,2,1.3862944,0.27490702,0.08617773,1.4861397,1.3609766,4,1
216,1,90,1,38,2,2.0794415,0.54185253,0.0,2.8384936,1.5973654,5,0
217,0,91,1,26,1,1.9810015,-0.5505833,-0.21072103,2.484073,1.2296406,4,0
217,1,91,1,26,1,2.014903,0.5480544,0.0,2.3369865,1.4883995,5,0
218,-1,92,1,29,1,1.0986123,0.53127813,0.37843648,1.1817272,0.9631743,3,1
218,0,92,1,29,1,1.446919,1.0483767,0.11332869,1.5325569,1.3962446,4,0
218,1,92,1,29,1,1.609438,1.0602293,0.039220676,1.8213183,1.704748,5,1
219,-1,93,1,69,2,1.178655,0.73089486,0.6729445,1.9300711,1.7867469,3,0
219,0,93,1,69,2,1.3862944,0.49170747,0.5538851,1.6695918,1.6808279,4,1
219,1,93,1,69,2,1.8718022,0.6134971,0.36464316,3.2204745,1.8405497,5,0
220,-1,94,1,77,2,1.0986123,0.63179857,1.166271,1.5195132,2.182675,3,1
220,0,94,1,77,2,1.609438,0.91849864,0.8754688,2.7060483,2.231089,4,0
220,1,94,1,77,2,2.1400661,0.92936605,0.8285518,3.8995454,2.2884862,5,0
221,-1,95,1,71,2,1.3862944,0.7507848,0.72270596,3.326474,1.954445,3,0
221,0,95,1,71,2,1.5040774,0.75529146,0.65232515,2.6665335,1.8115621,4,0
221,1,95,1,71,2,1.9810015,0.66055155,0.7608059,3.4892082,1.9257075,5,0
222,-1,96,1,53,2,1.0986123,0.67442685,0.3364722,1.729884,1.2725656,3,1
222,0,96,1,53,2,1.9095426,0.5531436,0.3920421,3.3641875,1.6714734,4,0
222,1,96,1,53,2,2.0794415,0.65148735,0.30010462,3.2422016,1.838961,5,0
223,-1,97,1,50,1,1.0986123,0.4297461,0.7323679,1.2753627,1.3737156,3,1
223,0,97,1,50,1,1.5040774,0.65604955,0.5538851,2.1587148,1.4586151,4,0
223,1,97,1,50,1,1.658228,0.67442685,0.4446858,2.1329823,1.704748,5,0
224,-1,98,1,57,1,1.0986123,0.33555534,1.0152307,1.3532544,1.4632554,3,1
224,0,98,1,57,1,1.8718022,0.4783623,0.98954123,2.8379083,1.729884,4,0
224,1,98,1,57,1,2.442347,0.48690858,0.64185387,3.5225296,2.398804,5,0
225,-1,99,1,48,2,1.0986123,0.03264569,0.5538851,1.3737156,1.4562867,3,1
225,0,99,1,48,2,2.014903,0.45677823,0.6981347,3.3120017,1.8594182,4,0
225,1,99,1,48,2,1.8718022,0.55515957,0.63657683,2.936513,1.7800242,5,0
226,-1,100,1,51,2,1.0986123,0.50917995,0.51879376,1.160021,1.442202,3,1
226,0,100,1,51,2,1.7917595,0.6476387,0.5538851,2.3174736,1.7800242,4,0
226,1,100,1,51,2,2.3978953,0.66572976,0.42526773,3.1763856,1.704748,5,0
227,-1,101,1,64,2,1.0986123,0.55915844,0.8586616,1.5454326,1.453953,3,1
227,0,101,1,64,2,1.609438,0.68981105,0.5596158,2.7363136,1.6193882,4,0
227,1,101,1,64,2,2.2772672,0.71354777,0.45742488,3.5409594,1.9125011,5,0
228,-1,102,1,54,2,1.0986123,0.82477236,0.30748472,1.6752257,1.6733512,3,1
228,0,102,1,54,2,1.446919,0.92842364,0.53062826,2.0515563,2.22029,4,0
228,1,102,1,54,2,1.704748,0.97150224,0.4382549,3.5097528,2.261763,5,0
229,-1,103,1,65,2,1.0986123,0.7991014,0.6981347,1.1537316,1.5830939,3,1
229,0,103,1,65,2,1.446919,0.5660524,0.70803577,2.2915242,1.5727739,4,0
229,1,103,1,65,2,1.8325815,0.8805955,0.36464316,3.4141135,1.9329696,5,0
230,-1,104,1,37,1,1.178655,0.41549945,0.37843648,2.11505,1.4398351,3,0
230,0,104,1,37,1,1.7491999,0.6039751,0.4317824,2.9673328,1.8082888,4,0
230,1,104,1,37,1,1.9810015,0.8379161,0.41871032,3.0066721,2.0175662,5,0
231,-1,105,1,32,1,1.178655,0.11772041,0.5068176,1.4516138,1.3217559,3,0
231,0,105,1,32,1,1.3862944,0.42410883,0.2776318,1.61542,1.5706971,4,1
231,1,105,1,32,1,1.609438,0.7789977,0.31481075,1.6695918,1.6919391,5,1
232,-1,106,1,26,2,1.0986123,0.46325287,0.14841998,2.1938858,1.3164083,3,1
232,0,106,1,26,2,2.1102133,0.7789977,0.058268853,3.6599655,1.5810385,4,0
232,1,106,1,26,2,1.704748,0.9475797,0.08617773,2.895912,1.7647308,5,0
233,-1,107,1,21,1,1.178655,0.5914733,0.14841998,1.876407,1.1052568,3,0
233,0,107,1,21,1,1.446919,-0.04954973,0.01980261,1.8082888,1.2149127,4,0
233,1,107,1,21,1,1.8718022,0.73329943,0.13976192,2.237513,1.4374627,5,0
234,-1,108,1,28,2,1.178655,0.12912558,1.1085626,1.4816046,1.3532544,3,0
234,0,108,1,28,2,1.5040774,0.61774147,0.41210964,1.8309802,1.8870696,4,0
234,1,108,1,28,2,2.3025851,0.89894986,0.1823216,4.331917,1.6974488,5,0
235,-1,109,1,25,1,1.704748,0.38694265,0.08617773,2.472328,1.1314021,3,0
235,0,109,1,25,1,1.609438,0.81336874,0.19885089,2.0719132,1.5390154,4,0
235,1,109,1,25,1,1.9810015,0.84047765,0.53062826,3.0267463,1.7850705,5,0
236,-1,110,1,46,1,1.178655,0.601333,0.3364722,2.1701958,1.4701759,3,0
236,0,110,1,46,1,2.1102133,0.70841813,0.29266962,4.2246413,1.6974488,4,0
236,1,110,1,46,1,1.658228,1.0073212,0.46373403,2.1644719,1.8718022,5,0
237,-1,111,1,34,1,1.0986123,0.5408086,0.64710325,1.3083328,1.2725656,3,1
237,0,111,1,34,1,1.3862944,0.92652965,0.7466879,1.678964,1.595339,4,1
237,1,111,1,34,1,1.7491999,0.9274782,0.6151857,2.6071243,1.8437192,5,0
238,-1,112,1,46,2,1.3217559,0.53341734,0.48242617,1.798404,1.1184149,3,0
238,0,112,1,46,2,2.014903,0.41982743,0.49469623,3.0582376,1.327075,4,0
238,1,112,1,46,2,1.7917595,0.39770138,0.36464316,2.2803395,1.5195132,5,0
239,-1,113,1,24,2,1.178655,0.42410883,0.13102825,1.9960599,1.2753627,3,0
239,0,113,1,24,2,2.0794415,0.45019364,-0.061875407,3.1307,1.2974632,4,0
239,1,113,1,24,2,1.9810015,1.0293012,0.23901689,2.903617,1.7281095,5,0
240,-1,114,1,37,2,1.178655,0.7051711,0.26236424,1.2697605,1.3217559,3,0
240,0,114,1,37,2,1.9810015,0.9122402,0.20701419,3.5272424,1.4838747,4,0
240,1,114,1,37,2,1.658228,1.1246548,0.36464316,1.975469,1.8082888,5,0
241,-1,115,1,58,2,1.0986123,0.8525602,1.1693814,1.5644406,1.442202,3,1
241,0,115,1,58,2,1.5581446,0.88207763,0.47000363,2.9538682,1.6992786,4,0
241,1,115,1,58,2,1.9459101,0.6227677,1.0079579,3.360028,1.7526721,5,0
242,-1,116,1,48,2,1.0986123,0.50803995,1.0188473,1.4206958,1.7369512,3,1
242,0,116,1,48,2,1.704748,0.86729866,0.8544153,3.0155349,2.1294215,4,0
242,1,116,1,48,2,1.704748,1.0084997,0.81536484,3.1552968,1.975469,5,0
243,-1,117,1,21,1,1.0986123,0.13472567,0.32930374,1.2669476,1.4060969,3,1
243,0,117,1,21,1,1.5581446,0.43114287,-0.105360545,2.3263016,1.6524974,4,0
243,1,117,1,21,1,1.7917595,0.50917995,-0.020202687,3.2538567,1.8017098,5,0
244,-1,118,1,26,2,1.0986123,-0.18283075,0.0,0.84156716,1.0043017,3,1
244,0,118,1,26,2,1.8325815,0.17469889,0.058268853,2.6844404,1.3190856,4,0
244,1,118,1,26,2,1.609438,0.6168967,-0.13926207,1.9629077,1.5539252,5,1
245,-1,119,1,77,1,1.0986123,0.9568299,1.2412686,2.4874034,1.7950872,3,1
245,0,119,1,77,1,1.609438,0.9696086,1.329724,5.060441,2.3214068,4,0
245,1,119,1,77,1,1.011601,1.0073212,1.3083328,4.30609,2.352327,5,1
246,-1,120,1,54,1,1.0986123,0.49170747,0.6981347,1.5347143,1.3428648,3,1
246,0,120,1,54,1,1.178655,0.62854165,0.3920421,3.5542045,1.5871923,4,1
246,1,120,1,54,1,1.5581446,0.80297095,0.22314355,2.9139798,1.7029282,5,1
247,-1,121,1,27,1,1.2527629,0.16697708,0.63657683,1.7101879,1.5581446,3,0
247,0,121,1,27,1,1.609438,0.2908988,0.53062826,3.180135,1.5151273,4,0
247,1,121,1,27,1,1.609438,0.89009714,0.20701419,2.276241,1.8733395,5,1
248,-1,122,1,35,2,1.178655,0.6793987,0.53062826,1.6714734,1.3056265,3,0
248,0,122,1,35,2,1.5581446,0.612642,0.26236424,2.507972,1.7351891,4,0
248,1,122,1,35,2,1.9459101,0.65301484,0.4382549,3.0699117,1.7715567,5,0
249,-1,123,1,45,1,1.0986123,0.6884413,0.7793249,1.7647308,1.5727739,3,1
249,0,123,1,45,1,1.3862944,0.4407841,0.79299253,1.9154509,1.8733395,4,1
249,1,123,1,45,1,1.8325815,0.57662696,0.7129498,2.778198,2.0347056,5,0
250,-1,124,1,43,2,1.0986123,0.45547026,-0.1863296,1.3454723,0.99694866,3,1
250,0,124,1,43,2,1.3862944,0.78055114,-0.07257068,1.4973884,1.4060969,4,1
250,1,124,1,43,2,1.609438,1.0443021,-0.1863296,1.8261609,1.4609379,5,1
251,-1,125,1,48,1,1.178655,0.52149576,0.4382549,1.7281095,1.3711808,3,0
251,0,125,1,48,1,1.5040774,0.5850536,0.07696108,2.6426225,1.4060969,4,0
251,1,125,1,48,1,2.5257287,0.680103,0.0676587,4.2813773,1.6733512,5,0
